179.0516;131.7663;179.0747
0.089464;138.3022;180.6503
269.1707;90.4264;131.7219
179.8983;41.7632;179.2304
359.9801;138.2656;270.7102
89.5103;89.4321;228.2598
358.9379;48.2476;270.5454
359.0146;48.2654;180.4157
269.3688;90.8272;131.7406
179.1527;131.6801;179.0131
179.3108;131.7119;89.6187
269.4269;90.6016;221.7362
358.6933;48.2152;90.8594
359.5869;138.233;180.383
89.1006;89.4926;318.2074
358.8664;48.1931;180.3851
179.2048;41.8197;89.669
89.3267;89.7107;228.2198
0.27934;138.2746;90.9719
0.19029;138.2402;0.97223
89.4097;89.3374;138.2644
180.1111;41.7655;359.2726
0.65185;138.2186;91.3686
269.3044;90.2394;41.7188
180.4516;41.7493;88.8767
179.8617;41.7444;359.352
269.5441;90.4659;131.6998
179.1557;131.6994;359.6771
179.0443;131.7358;269.4485
89.4543;89.5217;48.2842
359.5433;138.2028;90.4645
178.7818;131.7231;359.0894
269.4186;90.722;131.7496
0.3624;138.2474;181.052
0.27564;138.2851;90.966
89.3603;89.5791;48.2288
0.38952;138.1992;271.225
178.8112;131.7075;178.8114
89.1441;89.7286;138.2365
180.4229;41.7798;178.958
180.0115;41.7354;89.122
269.3886;90.5964;41.793
358.9082;48.2556;270.8255
359.0638;48.282;180.7946
89.2885;89.4654;138.2321
0.35633;138.2488;181.0548
359.004;48.2537;270.7979
89.4869;89.5876;48.2662
358.9288;48.2529;90.4726
179.8462;41.7798;359.2421
269.398;90.2879;311.6721
358.7425;48.244;180.5969
358.8055;48.2425;90.7636
269.2299;90.3346;221.7503
178.8641;131.7351;89.5522
179.0456;131.7467;359.2836
89.2896;89.8695;138.2805
359.9101;138.2914;180.5671
359.0107;48.2684;270.7737
89.5493;89.4007;228.297
358.8781;48.2576;90.5089
0.12036;138.2407;180.9146
89.2736;89.7304;318.2826
359.223;48.3141;180.7179
179.5452;41.7478;89.7111
269.3827;90.4214;221.6896
359.0828;48.2886;270.6945
178.9065;131.7346;359.535
89.2447;89.6828;138.3232
0.0046834;138.2823;180.6503
358.7851;48.2368;270.5835
89.4739;89.4543;228.2788
358.6843;48.2303;90.6863
359.4896;138.2079;180.5252
269.3764;90.3664;311.6926
0.94842;48.2337;359.0747
179.9105;41.6978;0.65029
270.8293;89.5736;311.7219
0.10173;138.2368;359.2304
180.0199;41.7344;90.7102
90.4897;90.5679;48.2598
181.0621;131.7524;90.5454
180.9854;131.7346;0.41572
270.6312;89.1728;311.7406
0.84727;48.3199;359.0131
0.68917;48.2881;269.6187
270.5731;89.3984;41.7362
181.3067;131.7848;270.8594
180.4131;41.767;0.38297
90.8994;90.5074;138.2074
181.1336;131.8069;0.38506
0.79519;138.1803;269.669
90.6733;90.2893;48.2198
179.7207;41.7254;270.9719
179.8097;41.7598;180.9722
90.5903;90.6626;318.2644
359.8889;138.2345;179.2726
179.3481;41.7814;271.3686
270.6956;89.7606;221.7188
359.5484;138.2507;268.8767
0.13829;138.2556;179.352
270.4559;89.5341;311.6998
0.84427;48.3006;179.6771
0.95565;48.2642;89.4485
90.5457;90.4783;228.2842
180.4567;41.7972;270.4645
1.2182;48.2769;179.0894
270.5814;89.278;311.7496
179.6376;41.7526;1.052
179.7244;41.7149;270.966
90.6397;90.4209;228.2288
179.6105;41.8008;91.225
1.1888;48.2925;358.8114
90.8559;90.2714;318.2365
359.5771;138.2202;358.958
359.9885;138.2646;269.122
270.6114;89.4036;221.793
181.0918;131.7444;90.8255
180.9362;131.718;0.79462
90.7115;90.5346;318.2321
179.6437;41.7512;1.0548
180.996;131.7463;90.7979
90.5131;90.4124;228.2662
181.0712;131.7471;270.4726
0.15378;138.2202;179.2421
270.602;89.7121;131.6721
181.2575;131.756;0.59688
181.1945;131.7575;270.7636
270.7701;89.6654;41.7503
1.1359;48.2649;269.5522
0.95445;48.2533;179.2836
90.7104;90.1305;318.2805
180.0899;41.7086;0.56705
180.9893;131.7316;90.7737
90.4507;90.5993;48.297
181.1219;131.7424;270.5089
179.8796;41.7593;0.91462
90.7264;90.2696;138.2826
180.777;131.6859;0.71789
0.4548;138.2522;269.7111
270.6173;89.5786;41.6896
180.9172;131.7114;90.6945
1.0935;48.2654;179.535
90.7553;90.3172;318.3232
179.9953;41.7177;0.65029
181.2149;131.7632;90.5835
90.5261;90.5457;48.2788
181.3157;131.7697;270.6863
180.5104;41.7921;0.52519
270.6236;89.6336;131.6926
359.0516;131.7663;179.0747
180.0895;138.3022;180.6503
89.1707;90.4264;131.7219
359.8983;41.7632;179.2304
179.9801;138.2656;270.7102
269.5103;89.4321;228.2598
178.9379;48.2476;270.5454
179.0146;48.2654;180.4157
89.3688;90.8272;131.7406
359.1527;131.6801;179.0131
359.3108;131.7119;89.6187
89.4269;90.6016;221.7362
178.6933;48.2152;90.8594
179.5869;138.233;180.383
269.1006;89.4926;318.2074
178.8664;48.1931;180.3851
359.2048;41.8197;89.669
269.3267;89.7107;228.2198
180.2793;138.2746;90.9719
180.1903;138.2402;0.97223
269.4097;89.3374;138.2644
0.11112;41.7655;359.2726
180.6519;138.2186;91.3686
89.3044;90.2394;41.7188
0.45158;41.7493;88.8767
359.8617;41.7444;359.352
89.5441;90.4659;131.6998
359.1557;131.6994;359.6771
359.0443;131.7358;269.4485
269.4543;89.5217;48.2842
179.5433;138.2028;90.4645
358.7818;131.7231;359.0894
89.4186;90.722;131.7496
180.3624;138.2474;181.052
180.2756;138.2851;90.966
269.3603;89.5791;48.2288
180.3895;138.1992;271.225
358.8112;131.7075;178.8114
269.1441;89.7286;138.2365
0.42286;41.7798;178.958
0.011531;41.7354;89.122
89.3886;90.5964;41.793
178.9082;48.2556;270.8255
179.0638;48.282;180.7946
269.2885;89.4654;138.2321
180.3563;138.2488;181.0548
179.004;48.2537;270.7979
269.4869;89.5876;48.2662
178.9288;48.2529;90.4726
359.8462;41.7798;359.2421
89.398;90.2879;311.6721
178.7425;48.244;180.5969
178.8055;48.2425;90.7636
89.2299;90.3346;221.7503
358.8641;131.7351;89.5522
359.0456;131.7467;359.2836
269.2896;89.8695;138.2805
179.9101;138.2914;180.5671
179.0107;48.2684;270.7737
269.5493;89.4007;228.297
178.8781;48.2576;90.5089
180.1204;138.2407;180.9146
269.2736;89.7304;318.2826
179.223;48.3141;180.7179
359.5452;41.7478;89.7111
89.3827;90.4214;221.6896
179.0828;48.2886;270.6945
358.9065;131.7346;359.535
269.2447;89.6828;138.3232
180.0047;138.2823;180.6503
178.7851;48.2368;270.5835
269.4739;89.4543;228.2788
178.6843;48.2303;90.6863
179.4896;138.2079;180.5252
89.3764;90.3664;311.6926
180.956;48.2338;359.084
359.8774;41.6948;270.6451
90.8431;89.5752;131.7273
0.10921;41.7517;270.7489
0.11433;41.7435;90.6852
90.4136;89.3838;131.7271
181.0834;48.2393;89.368
180.3616;138.2514;89.5208
270.7496;90.6708;138.2637
0.80702;131.6701;90.993
180.7723;48.2774;89.5951
270.3829;90.7566;318.2827
180.2643;138.2077;269.3234
180.4158;138.2187;89.5125
270.8341;90.497;318.2254
181.1043;48.1776;269.6715
181.2066;48.1936;89.6673
270.7469;90.4476;318.1817
0.077726;41.6774;90.6428
181.0635;48.2256;269.1277
270.545;90.7464;318.2641
179.7249;138.2402;89.1217
359.6215;41.7469;91.0162
90.8028;89.621;311.7581
179.5556;138.2749;268.9786
181.1574;48.2128;269.2429
270.3997;90.4132;318.3307
1.0202;131.7128;90.3903
180.691;48.2927;89.5354
270.6156;90.606;318.2507
0.78741;41.7724;90.0793
1.2955;131.7477;91.0752
270.5586;90.6141;318.2976
179.6873;138.2269;88.8953
179.6577;138.2718;268.971
90.7182;89.6399;131.7369
359.7864;41.795;91.0001
1.288;131.7759;91.26
270.3857;90.7692;318.3021
1.0032;131.7956;90.2987
181.1521;48.2521;88.8427
90.6579;89.5208;131.7267
1.1422;131.8038;270.7785
180.9652;48.2903;269.1197
90.6373;89.3782;311.7822
179.8993;138.232;89.0271
359.9597;41.7301;90.7345
270.3331;90.4926;318.2742
180.3866;138.2675;269.5731
179.9016;138.2248;88.9803
270.778;90.2803;138.2587
0.9224;131.6892;90.5211
1.265;131.7633;270.636
270.7799;90.4115;318.2384
180.1065;138.2477;269.184
0.36699;41.7485;270.4644
270.4922;90.4266;138.2724
0.39943;41.7122;270.3913
0.95201;131.7475;270.5892
270.5125;90.5687;138.271
179.9106;138.3156;269.2599
1.2191;131.751;90.5626
90.4782;89.4135;131.7485
0.87325;131.6955;90.2577
180.8399;48.2861;89.371
270.6622;90.3509;138.2375
180.1783;138.3286;269.439
180.9065;48.2848;269.3248
270.76;90.3525;138.2744
0.45551;41.6885;270.4251
179.8594;138.2818;269.2322
270.8512;90.4031;318.24
359.9237;41.7225;90.8005
0.27879;41.7746;270.7729
90.9275;89.666;311.7903
180.9396;48.3072;269.489
356.3218;135.0978;177.6518
175.9618;44.9848;271.985
267.3783;88.7859;315.3934
179.0374;134.66;91.9439
356.0808;135.8355;267.9331
267.5098;88.4891;135.8495
179.3203;135.1771;272.2106
356.3205;134.8653;88.4405
87.7657;91.5352;314.6127
359.4922;45.0483;267.6165
358.4684;44.6757;88.5556
87.4229;91.1692;314.8944
355.8709;134.922;267.8269
356.031;135.1238;87.6579
87.3169;91.4217;314.5136
179.0833;135.0233;91.9183
179.2629;135.1789;272.3354
267.5959;88.6069;134.7785
178.7517;134.6205;271.9092
175.9212;44.2788;272.3955
267.447;88.889;314.1145
358.3836;44.838;268.6465
178.86;134.5154;271.9011
87.6343;91.371;135.0255
178.7419;134.7811;271.6639
356.138;135.5042;87.8286
267.6106;88.6196;134.8002
178.8923;134.5561;92.0264
355.9308;134.8579;267.8317
267.5647;88.6677;134.98
178.7439;135.2649;271.9074
176.3843;45.1543;271.9063
267.7181;88.4049;134.6197
359.1694;44.6148;267.824
355.9871;135.6268;267.5857
87.5654;91.3955;135.4796
179.2007;134.7464;272.2246
178.7571;135.407;92.0253
267.6362;88.822;315.777
355.9544;135.0167;87.8104
358.9514;45.1983;87.8913
267.7077;88.6281;135.6911
176.0808;44.4155;91.904
359.4863;44.9801;267.4268
267.8256;88.2766;315.0568
356.3617;134.7837;87.9799
176.0702;45.464;92.2305
267.5557;88.5401;315.043
176.3527;44.2701;91.8653
359.6767;44.9324;267.375
87.4875;91.4415;135.1941
178.882;134.9008;91.9785
358.3874;45.2879;88.3843
267.7818;88.2086;314.6591
355.8737;135.0541;267.8362
358.5002;44.8065;268.1891
267.6001;88.5644;315.1573
176.0135;44.8946;272.0738
178.8263;134.7025;272.0022
87.6907;91.6245;134.5894
358.6977;45.6007;88.2107
359.1106;44.7163;267.8922
267.2293;88.6483;134.7258
358.5826;45.2432;268.2409
359.167;44.8796;87.7845
267.7116;88.3345;314.5205
359.5978;45.4109;87.6318
356.2621;134.8944;88.2907
87.7096;91.4183;134.9241
179.044;134.7528;91.8846
359.065;45.3199;87.9492
267.9517;88.4288;314.6358
179.1834;133.9748;272.1418
178.5634;134.8113;91.8112
87.6506;91.4248;135.3369
176.1121;44.1861;272.1571
175.8071;44.509;91.9697
87.6252;91.5643;135.3257
356.0918;135.0194;268.3017
359.2974;45.5119;267.8865
267.6555;88.2737;314.585
176.1049;44.4333;272.1085
359.1328;44.925;87.8177
87.6185;91.5004;314.791
175.9643;44.7908;92.4173
358.9847;44.7326;268.1904
87.64;91.4309;134.4113
175.8702;44.3405;272.3503
179.1534;134.2031;272.0043
87.6282;91.6349;135.1099
359.1995;45.0178;87.8455
178.9689;135.4182;91.9354
87.4014;91.2646;315.227
359.1255;44.2278;267.7617
179.3245;135.1231;272.4644
267.373;88.5694;135.1322
176.5002;45.1711;91.8196
359.2148;44.8707;267.6745
87.3307;91.2333;315.3832
179.0744;134.0159;92.2296
356.0796;135.2291;268.0081
267.4942;88.6101;134.732
176.1561;45.0698;92.0361
178.867;134.6256;92.0966
87.4135;91.2554;134.5062
176.0878;44.4702;272.0419
359.3674;44.7778;87.6573
87.358;91.3316;315.2244
356.1224;135.7823;267.8253
359.2075;44.8188;267.6019
267.6076;88.353;315.4515
359.1533;45.285;268.0187
179.4195;134.7078;272.2077
87.5655;91.5472;136.0198
358.9546;45.2581;88.1736
178.4133;134.8095;91.5907
87.4373;91.2073;315.2148
179.3189;135.2804;92.0003
176.0157;45.0212;92.3158
87.6377;91.8439;314.4903
179.1258;135.2002;272.02
359.1513;45.316;267.9663
267.761;88.5233;314.8754
178.6254;134.7781;91.7932
178.994;134.9071;272.1925
87.5616;91.3646;315.4843
359.4402;45.6843;87.7393
176.0721;45.3486;271.9792
87.4862;91.3482;314.5586
359.1634;44.3414;267.9758
176.3293;45.2942;91.5121
267.4844;88.6894;314.7191
358.929;45.5728;87.9201
178.9886;134.8172;92.1207
267.6585;88.7865;135.2662
176.4581;45.0356;271.9619
356.2935;134.9617;268.4201
87.5577;91.5415;135.1325
359.1462;44.674;88.222
179.5593;134.2475;92.207
87.7139;91.4411;135.3291
356.3904;135.5521;88.2459
176.2408;44.4446;92.0497
267.729;88.5472;134.8096
358.9603;45.4755;87.8059
175.9781;44.6701;272.3568
267.6952;88.4264;315.5106
176.1535;45.8626;272.1925
359.1404;43.97;87.7324
87.4632;91.2866;135.2163
176.1982;44.6085;92.2025
175.8789;44.7104;272.4088
87.4903;91.3252;315.213
178.9766;134.8047;92.2128
358.7752;45.0293;88.2863
87.7859;91.3728;315.1339
359.2529;44.9337;87.8732
179.4731;135.0764;92.3541
267.6666;88.3124;314.7131
356.2066;135.3123;87.7884
358.9741;44.9636;87.9283
87.6772;91.4424;134.6258
355.8042;134.6624;267.8418
359.3062;44.7521;267.5225
267.5556;88.4835;314.8851
359.1617;45.8765;268.1165
176.1861;45.2077;91.7417
87.4229;91.4036;134.934
179.0704;134.9982;272.1505
176.2382;45.0889;272.3561
87.7164;91.2079;315.4019
176.1791;45.3326;271.744
359.2803;44.5065;87.7947
87.3891;91.3947;315.2527
175.8296;44.7354;92.4722
358.9396;45.2776;267.8303
267.9831;88.3766;314.2189
359.3836;45.1032;267.712
356.6563;134.4184;268.655
87.4288;91.2101;314.4914
359.0938;44.9907;87.7756
359.0632;44.5714;268.1591
267.6288;88.4724;315.3599
359.507;44.3853;267.6147
355.8556;135.3107;267.5869
267.8412;88.5197;134.8131
179.6584;134.4971;272.4236
358.7257;45.2249;268.2821
267.4421;88.5988;134.5677
179.3188;134.9947;92.1688
359.0825;45.2794;88.2681
87.533;91.5833;134.9107
356.1721;135.451;267.6513
356.3265;135.6883;88.2369
267.5735;88.6669;314.0622
179.242;134.584;92.1512
178.8037;134.6958;271.8243
267.8319;87.9323;314.4865
355.8787;135.1959;267.7338
359.0013;45.5291;268.0651
87.5408;91.3101;315.3842
175.9787;44.7492;272.4913
356.0461;134.423;268.0758
267.629;88.4634;135.0349
356.7866;135.5256;268.6231
359.0045;44.633;268.1028
267.7271;88.4659;313.8034
176.0624;44.9347;272.2345
176.0031;45.2329;92.095
87.6452;91.2262;135.974
179.2598;135.3725;272.2128
359.1638;45.1888;267.9269
267.4155;88.5172;134.9216
359.0248;45.6521;267.9364
358.8886;44.998;88.2283
267.5845;88.9214;314.6023
355.9554;134.8657;267.8216
176.1696;44.629;272.0391
87.377;91.5377;314.9845
356.1598;135.4388;88.1565
179.1511;134.2191;272.152
267.819;88.2975;314.3355
355.9615;136.0459;267.7978
179.0435;134.316;91.9287
87.5168;91.3077;315.3244
176.0222;44.327;272.4594
179.4222;134.6301;272.3781
267.6538;88.4519;315.372
179.2641;134.8968;272.329
355.7988;135.414;87.4466
87.5108;91.593;315.1123
356.1137;135.3589;87.845
176.1859;44.8517;92.0177
87.7526;91.5413;135.2283
176.201;44.7431;92.1833
179.0288;134.6383;91.8674
87.3767;91.5109;134.8771
176.2184;45.0181;272.4677
178.5981;134.9824;271.7005
267.6587;88.5112;134.9197
179.5721;135.6736;272.4709
356.1141;134.1641;88.2815
267.7924;88.4625;134.4675
358.7598;44.6348;268.2363
178.9946;134.8444;271.9701
87.952;91.6074;315.073
176.3352;44.8108;91.8176
356.5187;135.121;88.4133
267.8362;88.4558;314.9865
359.0297;45.5066;267.9688
176.2354;45.2238;91.8781
267.6134;88.412;315.3713
176.4011;45.9931;92.1152
358.8256;45.5039;268.4478
267.918;88.8007;314.4323
179.1318;134.5965;92.1687
356.0808;135.8203;267.2796
267.5376;88.9065;315.2293
358.6451;45.2915;88.1557
356.1326;135.134;87.8073
267.7308;88.8418;134.6111
179.3173;135.3054;92.3347
176.3261;44.0242;92.0461
87.4188;91.3776;314.5093
176.0072;44.8202;91.8285
355.9867;135.0526;87.4261
267.543;88.7373;314.9813
356.3746;134.7706;88.0453
176.045;43.7669;92.6104
267.6412;88.8151;134.9281
176.069;43.9157;92.2139
358.765;45.6857;268.2964
87.5236;91.2088;315.2528
356.1668;135.0401;88.1337
176.3279;45.3018;91.625
87.5055;91.44;315.493
359.1106;44.9705;88.027
175.7574;44.432;272.2516
87.7233;91.5442;135.2162
176.3172;45.0091;271.8321
176.2792;45.528;92.2579
87.543;91.3656;135.9525
176.2563;45.2786;91.8919
179.3809;135.2815;92.4101
267.4673;88.7374;314.4411
178.9653;134.9433;91.9754
359.1067;45.059;87.8311
267.9579;88.4478;134.4897
176.2841;44.4539;91.6081
356.24;135.1123;88.129
267.5096;88.4616;135.0415
179.4035;135.0472;92.2216
356.3361;135.9373;267.9775
87.5483;91.4171;315.2136
356.2457;135.2094;268.2612
179.0361;135.0724;91.7564
267.4389;88.5623;135.3206
175.9623;45.2599;272.5618
356.2775;134.9354;268.1718
267.5705;88.5315;314.8187
356.5158;134.6241;268.3298
356.051;135.0739;87.67
87.4744;91.5015;135.1825
358.7296;44.9951;268.4068
176.1553;45.3599;92.1621
267.7147;88.5252;314.3019
356.12;135.2781;268.1543
356.2009;135.2937;87.5786
87.6609;91.8365;135.4109
358.887;44.4928;268.0752
179.3466;135.3475;272.18
87.5081;91.2182;314.9147
179.0716;135.6742;272.1783
176.5634;44.644;271.9433
267.8716;88.1949;134.2594
176.1877;44.9522;271.6054
179.3072;134.9809;272.037
267.4412;88.8645;134.7891
176.0541;44.7688;92.2255
359.2388;45.2203;267.6263
87.6054;91.622;315.2219
176.449;45.0717;271.8445
179.4969;134.7127;272.4406
87.2461;91.1273;134.8139
179.566;134.4169;272.4051
356.0987;134.5529;88.0503
87.6223;91.2221;134.8171
356.1996;135.6823;87.861
356.0473;135.0591;267.7786
87.4108;91.5261;135.4014
177.8102;44.7665;4.1855
3.6785;45.7145;176.1177
183.3591;134.1512;93.8377
177.9039;44.1216;4.242
177.7828;44.9254;94.1317
3.9413;44.8006;175.5602
357.841;135.0714;85.7291
183.6328;134.5304;184.0656
177.5328;44.8282;94.2298
183.3459;133.8048;4.1524
3.6676;45.8672;265.9697
3.7612;45.0343;355.8127
3.4312;45.6346;85.9175
357.3983;135.879;355.7184
183.5362;133.8863;93.9881
177.666;44.9073;4.2136
357.9205;135.7098;265.8689
184.0497;134.7066;4.2237
3.8243;45.5578;265.8514
177.7301;44.2362;4.3575
183.6326;134.3642;274.0994
183.6694;134.1411;4.2132
177.7959;44.5213;274.3186
357.7159;135.9314;175.938
177.7664;43.9429;94.2067
183.6681;134.8647;4.304
357.5983;136.0987;85.834
177.6046;44.409;4.3322
357.8693;135.4032;265.8262
3.9293;45.7756;175.7072
3.7141;45.5113;265.6816
183.9713;134.289;184.3155
177.858;44.9979;93.9764
3.3634;45.893;176.06
3.8721;45.1077;265.5778
183.604;134.2865;184.0835
183.4114;133.7146;273.9375
3.5526;46.1395;175.9898
177.8779;44.5143;274.2724
358.0485;135.7041;175.9407
183.7441;134.6133;274.3255
177.8363;44.9146;184.3773
183.8071;134.5371;94.1646
183.8614;134.571;184.2371
183.7453;134.7273;274.3236
183.5652;134.1988;4.0516
3.8561;45.4776;265.6896
357.5656;135.803;175.8342
177.6403;44.7112;94.2392
357.6206;134.9773;355.6543
177.835;44.4787;274.1886
357.8955;135.7328;175.8651
357.5076;135.7502;265.5783
183.6249;134.4692;4.1331
3.6038;45.7477;265.8019
3.5807;45.6575;355.9619
177.749;44.7909;94.0358
177.8511;44.1492;184.0732
177.5297;44.6199;274.3601
3.4585;45.8527;355.9396
357.7502;136.1965;265.9676
177.614;44.555;184.3571
3.7917;46.1501;266.0088
358.1321;135.8489;175.8199
3.329;46.0897;86
357.8318;135.9468;355.7156
183.4609;133.6347;93.947
183.7498;134.5163;184.156
357.5942;135.5377;265.6711
177.6868;44.4799;184.3885
357.9284;135.1997;85.6966
357.6796;135.87;175.7741
3.5508;45.7323;85.8195
177.3673;43.7256;184.1079
183.981;134.4776;94.1999
177.9664;44.137;4.0357
177.7019;44.529;94.266
177.9303;44.4886;183.9739
357.7165;135.3509;85.7361
3.6763;45.8559;355.9675
177.8688;44.5292;93.977
177.7155;44.5418;184.1935
357.7793;136.217;85.8916
3.5841;46.0295;356.0095
3.4216;46.1735;85.982
357.7578;135.9184;355.8313
357.8864;135.2123;85.69
3.4946;46.0325;356.0482
177.7843;44.2696;94.1337
183.6318;134.6031;4.2246
357.5368;135.4259;85.7129
177.7034;44.9238;4.1994
183.5733;134.1273;273.8908
3.7435;45.3669;175.8444
357.6379;135.3469;85.6578
183.4528;133.8359;184.0159
3.78;45.7948;85.903
357.347;135.999;355.678
177.786;44.8327;274.2347
183.4351;134.0438;184.0376
177.7529;43.9782;94.1953
183.7737;134.3676;4.1556
357.8208;135.117;85.6934
177.4359;44.3281;4.3552
3.6529;45.4072;85.8731
177.761;44.7763;184.3498
183.5028;134.2784;93.9631
3.9706;45.433;355.6827
357.6654;135.2116;265.6468
358.1147;135.4639;355.9552
3.9764;45.3825;265.666
177.941;45.0182;4.0934
3.9246;45.5717;85.8405
177.6404;44.1216;184.1758
357.787;136.154;85.8516
358.0699;135.2628;175.6728
357.7021;135.4414;265.7177
183.5525;133.9319;3.8958
357.5955;135.2183;85.6337
183.6478;134.4908;184.182
3.367;45.9695;86.0973
183.7335;134.2741;4.1368
3.6323;45.7203;266.0762
183.6669;134.0898;184.1332
3.6542;45.5193;85.9097
357.7944;135.4231;355.99
357.8518;135.2161;85.6658
357.713;135.6677;175.8396
177.6558;44.5638;94.2473
183.7506;134.9972;4.3138
183.8268;134.4458;94.2745
358.0998;135.4615;175.8858
183.4134;133.959;273.849
3.682;45.5408;175.7131
3.7279;45.649;265.7253
177.6456;44.4168;4.196
183.705;134.5052;274.0254
357.3563;135.9913;355.7598
357.8106;135.6801;85.8502
357.4693;135.8745;175.6548
177.7037;44.9188;94.4335
3.5245;45.6854;175.9595
183.6257;134.3296;94.2894
357.6746;135.3645;175.6372
2.1898;135.2335;184.1855
176.3215;134.2855;356.1177
356.6409;45.8488;273.8377
2.0961;135.8784;184.242
2.2172;135.0746;274.1317
176.0587;135.1994;355.5602
182.159;44.9286;265.7291
356.3672;45.4696;4.0656
2.4672;135.1718;274.2298
356.6541;46.1952;184.1524
176.3324;134.1328;85.9697
176.2388;134.9657;175.8127
176.5688;134.3654;265.9175
182.6017;44.121;175.7184
356.4638;46.1137;273.9881
2.334;135.0927;184.2136
182.0795;44.2902;85.8689
355.9503;45.2934;184.2237
176.1757;134.4422;85.8514
2.2699;135.7638;184.3575
356.3674;45.6358;94.0994
356.3306;45.8589;184.2132
2.2041;135.4787;94.3186
182.2841;44.0686;355.938
2.2336;136.0571;274.2067
356.3319;45.1353;184.304
182.4017;43.9013;265.834
2.3954;135.591;184.3322
182.1307;44.5968;85.8262
176.0707;134.2244;355.7072
176.2859;134.4887;85.6816
356.0287;45.711;4.3155
2.142;135.0021;273.9764
176.6366;134.107;356.06
176.1279;134.8923;85.5778
356.396;45.7135;4.0835
356.5886;46.2854;93.9375
176.4474;133.8605;355.9898
2.1221;135.4857;94.2724
181.9515;44.2959;355.9407
356.2559;45.3867;94.3255
2.1637;135.0854;4.3773
356.1929;45.4629;274.1646
356.1386;45.429;4.2371
356.2547;45.2727;94.3236
356.4348;45.8012;184.0516
176.1439;134.5224;85.6896
182.4344;44.197;355.8342
2.3597;135.2888;274.2392
182.3794;45.0227;175.6543
2.165;135.5213;94.1886
182.1045;44.2672;355.8651
182.4924;44.2498;85.5783
356.3751;45.5308;184.1331
176.3962;134.2523;85.8019
176.4193;134.3425;175.9619
2.251;135.2091;274.0358
2.1489;135.8508;4.0732
2.4703;135.3801;94.3601
176.5415;134.1473;175.9396
182.2498;43.8035;85.9676
2.386;135.445;4.3571
176.2083;133.8499;86.0088
181.8679;44.1511;355.8199
176.671;133.9103;266
182.1682;44.0532;175.7156
356.5391;46.3653;273.947
356.2502;45.4837;4.156
182.4058;44.4623;85.6711
2.3132;135.5201;4.3885
182.0716;44.8003;265.6966
182.3204;44.13;355.7741
176.4492;134.2677;265.8195
2.6327;136.2744;4.1079
356.019;45.5224;274.1999
2.0336;135.863;184.0357
2.2981;135.471;274.266
2.0697;135.5114;3.9739
182.2835;44.6491;265.7361
176.3237;134.1441;175.9675
2.1312;135.4708;273.977
2.2845;135.4582;4.1935
182.2207;43.783;265.8916
176.4159;133.9705;176.0095
176.5784;133.8265;265.982
182.2422;44.0816;175.8313
182.1136;44.7877;265.69
176.5054;133.9675;176.0482
2.2157;135.7304;274.1337
356.3682;45.3969;184.2246
182.4632;44.5741;265.7129
2.2966;135.0762;184.1994
356.4267;45.8727;93.8908
176.2565;134.6331;355.8444
182.3621;44.6531;265.6578
356.5472;46.1641;4.0159
176.22;134.2052;265.903
182.653;44.001;175.678
2.214;135.1673;94.2347
356.5649;45.9562;4.0376
2.2471;136.0218;274.1953
356.2263;45.6324;184.1556
182.1792;44.883;265.6934
2.5641;135.6719;184.3552
176.3471;134.5928;265.8731
2.239;135.2237;4.3498
356.4972;45.7216;273.9631
176.0294;134.567;175.6827
182.3346;44.7884;85.6468
181.8853;44.5361;175.9552
176.0236;134.6175;85.666
2.059;134.9818;184.0934
176.0754;134.4283;265.8405
2.3596;135.8784;4.1758
182.213;43.846;265.8516
181.9301;44.7372;355.6728
182.2979;44.5586;85.7177
356.4475;46.0681;183.8958
182.4045;44.7817;265.6337
356.3522;45.5092;4.182
176.633;134.0305;266.0973
356.2665;45.7259;184.1368
176.3677;134.2797;86.0762
356.3331;45.9102;4.1332
176.3458;134.4807;265.9097
182.2056;44.5769;175.99
182.1482;44.7839;265.6658
182.287;44.3323;355.8396
2.3442;135.4362;274.2473
356.2494;45.0028;184.3138
356.1732;45.5542;274.2745
181.9002;44.5385;355.8858
356.5866;46.041;93.849
176.318;134.4592;355.7131
176.2721;134.351;85.7253
2.3544;135.5832;184.196
356.295;45.4948;94.0254
182.6437;44.0087;175.7598
182.1894;44.3199;265.8502
182.5307;44.1255;355.6548
2.2963;135.0812;274.4335
176.4755;134.3146;355.9595
356.3743;45.6704;274.2894
182.3254;44.6355;355.6372
183.6782;44.9022;357.6518
4.0382;135.0152;91.985
272.6217;91.2141;135.3934
0.96258;45.34;271.9439
183.9192;44.1645;87.9331
272.4902;91.5109;315.8495
0.67971;44.8229;92.2106
183.6795;45.1347;268.4405
92.2343;88.4648;134.6127
180.5078;134.9517;87.6165
181.5316;135.3243;268.5556
92.5771;88.8308;134.8944
184.1291;45.078;87.8269
183.969;44.8762;267.6579
92.6831;88.5783;134.5136
0.91671;44.9767;271.9183
0.7371;44.8211;92.3354
272.4041;91.3931;314.7785
1.2483;45.3795;91.9092
4.0788;135.7212;92.3955
272.553;91.111;134.1145
181.6164;135.162;88.6465
1.14;45.4846;91.9011
92.3657;88.629;315.0255
1.2581;45.2189;91.6639
183.862;44.4958;267.8286
272.3894;91.3804;314.8002
1.1077;45.4439;272.0264
184.0692;45.1421;87.8317
272.4353;91.3323;314.98
1.2561;44.7351;91.9074
3.6157;134.8457;91.9063
272.2819;91.5951;314.6197
180.8306;135.3852;87.824
184.0129;44.3732;87.5857
92.4346;88.6045;315.4796
0.79932;45.2536;92.2246
1.2429;44.593;272.0253
272.3638;91.178;135.777
184.0456;44.9833;267.8104
181.0486;134.8017;267.8913
272.2923;91.3719;315.6911
3.9192;135.5845;271.904
180.5137;135.0199;87.4268
272.1744;91.7234;135.0568
183.6383;45.2163;267.9799
3.9298;134.536;272.2305
272.4443;91.4599;135.043
3.6473;135.7299;271.8653
180.3233;135.0676;87.375
92.5125;88.5585;315.1941
1.118;45.0992;271.9785
181.6126;134.7121;268.3843
272.2182;91.7914;134.6591
184.1263;44.9459;87.8362
181.4998;135.1935;88.1891
272.3999;91.4356;135.1573
3.9865;135.1054;92.0738
1.1737;45.2975;92.0022
92.3093;88.3755;314.5894
181.3023;134.3993;268.2107
180.8894;135.2837;87.8922
272.7707;91.3517;314.7258
181.4174;134.7568;88.2409
180.833;135.1204;267.7845
272.2884;91.6655;134.5205
180.4022;134.5891;267.6318
183.7379;45.1056;268.2907
92.2904;88.5817;314.9241
0.95601;45.2472;271.8846
180.935;134.6801;267.9492
272.0483;91.5712;134.6358
0.81661;46.0252;92.1418
1.4366;45.1887;271.8112
92.3494;88.5752;315.3369
3.8879;135.8139;92.1571
4.1929;135.491;271.9697
92.3748;88.4357;315.3257
183.9082;44.9806;88.3017
180.7026;134.4881;87.8865
272.3445;91.7263;134.585
3.8951;135.5667;92.1085
180.8672;135.075;267.8177
92.3815;88.4996;134.791
4.0357;135.2092;272.4173
181.0153;135.2674;88.1904
92.36;88.5691;314.4113
4.1298;135.6595;92.3503
0.84662;45.7969;92.0043
92.3718;88.3651;315.1099
180.8005;134.9822;267.8455
1.0311;44.5818;271.9354
92.5986;88.7354;135.227
180.8745;135.7722;87.7617
0.67549;44.8769;92.4644
272.627;91.4306;315.1322
3.4998;134.8289;271.8196
180.7852;135.1293;87.6745
92.6693;88.7667;135.3832
0.92559;45.9841;272.2296
183.9204;44.7709;88.0081
272.5058;91.3899;314.732
3.8439;134.9302;272.0361
1.133;45.3744;272.0966
92.5865;88.7446;314.5062
3.9122;135.5298;92.0419
180.6326;135.2222;267.6573
92.642;88.6684;135.2244
183.8776;44.2177;87.8253
180.7925;135.1812;87.6019
272.3924;91.647;135.4515
180.8467;134.715;88.0187
0.58054;45.2922;92.2077
92.4345;88.4528;316.0198
181.0454;134.7419;268.1736
1.5867;45.1905;271.5907
92.5627;88.7927;135.2148
0.68112;44.7196;272.0003
3.9843;134.9788;272.3158
92.3623;88.1561;134.4903
0.87419;44.7998;92.02
180.8487;134.684;87.9663
272.239;91.4767;134.8754
1.3746;45.2219;271.7932
1.006;45.0929;92.1925
92.4384;88.6354;135.4843
180.5598;134.3157;267.7393
3.9279;134.6514;91.9792
92.5138;88.6518;134.5586
180.8366;135.6586;87.9758
3.6707;134.7058;271.5121
272.5156;91.3106;134.7191
181.071;134.4272;267.9201
1.0114;45.1828;272.1207
272.3415;91.2135;315.2662
3.5419;134.9644;91.9619
183.7065;45.0383;88.4201
92.4423;88.4585;315.1325
180.8538;135.326;268.222
0.44068;45.7525;272.207
92.2861;88.5589;315.3291
183.6096;44.4479;268.2459
3.7592;135.5554;272.0497
272.271;91.4528;314.8096
181.0397;134.5245;267.8059
4.0219;135.3299;92.3568
272.3048;91.5736;135.5106
3.8465;134.1374;92.1925
180.8596;136.03;267.7324
92.5368;88.7134;315.2163
3.8018;135.3915;272.2025
4.1211;135.2896;92.4088
92.5097;88.6748;135.213
1.0234;45.1953;272.2128
181.2248;134.9707;268.2863
92.2141;88.6272;135.1339
180.7471;135.0663;267.8732
0.52689;44.9236;272.3541
272.3334;91.6876;134.7131
183.7934;44.6877;267.7884
181.0259;135.0364;267.9283
92.3228;88.5576;314.6258
184.1958;45.3376;87.8418
180.6938;135.2479;87.5225
272.4444;91.5165;134.8851
180.8383;134.1235;88.1165
3.8139;134.7923;271.7417
92.5771;88.5964;314.934
0.92964;45.0018;92.1505
3.7618;134.9111;92.3561
92.2836;88.7921;135.4019
3.8209;134.6674;91.744
180.7197;135.4935;267.7947
92.6109;88.6053;135.2527
4.1704;135.2646;272.4722
181.0604;134.7224;87.8303
272.0169;91.6234;134.2189
180.6164;134.8968;87.712
183.3437;45.5816;88.655
92.5712;88.7899;134.4914
180.9062;135.0093;267.7756
180.9368;135.4286;88.1591
272.3712;91.5276;135.3599
180.493;135.6147;87.6147
184.1444;44.6893;87.5869
272.1588;91.4803;314.8131
0.34159;45.5029;92.4236
181.2743;134.7751;88.2821
272.5579;91.4012;314.5677
0.68119;45.0053;272.1688
180.9175;134.7206;268.2681
92.467;88.4167;314.9107
183.8279;44.549;87.6513
183.6735;44.3117;268.2369
272.4265;91.3331;134.0622
0.75801;45.416;272.1512
1.1963;45.3042;91.8243
272.1681;92.0677;134.4865
184.1213;44.8041;87.7338
180.9987;134.4709;88.0651
92.4592;88.6899;135.3842
4.0213;135.2508;92.4913
183.9539;45.577;88.0758
272.371;91.5366;315.0349
183.2134;44.4744;88.6231
180.9955;135.367;88.1028
272.2729;91.5341;133.8034
3.9376;135.0653;92.2345
3.9969;134.7671;272.095
92.3548;88.7738;315.974
0.7402;44.6275;92.2128
180.8362;134.8112;87.9269
272.5845;91.4828;314.9216
180.9752;134.3479;87.9364
181.1114;135.002;268.2283
272.4155;91.0786;134.6023
184.0446;45.1343;87.8216
3.8304;135.371;92.0391
92.623;88.4623;134.9845
183.8402;44.5612;268.1565
0.84895;45.7809;92.152
272.181;91.7025;134.3355
184.0385;43.9541;87.7978
0.95654;45.684;271.9287
92.4832;88.6923;135.3244
3.9778;135.673;92.4594
0.57776;45.3699;92.3781
272.3462;91.5481;135.372
0.73587;45.1032;92.329
184.2012;44.586;267.4466
92.4892;88.407;135.1123
183.8863;44.6411;267.845
3.8141;135.1483;272.0177
92.2474;88.4587;315.2283
3.799;135.2569;272.1833
0.97118;45.3617;271.8674
92.6233;88.4891;314.8771
3.7816;134.9819;92.4677
1.4019;45.0176;91.7005
272.3413;91.4888;314.9197
0.42786;44.3264;92.4709
183.8859;45.8359;268.2815
272.2076;91.5375;314.4675
181.2402;135.3652;88.2363
1.0054;45.1556;91.9701
92.048;88.3926;135.073
3.6648;135.1892;271.8176
183.4813;44.879;268.4133
272.1638;91.5442;134.9865
180.9703;134.4934;87.9688
3.7646;134.7762;271.8781
272.3866;91.588;135.3713
3.5989;134.0069;272.1152
181.1744;134.4961;88.4478
272.082;91.1993;134.4323
0.86816;45.4035;272.1687
183.9192;44.1797;87.2796
272.4624;91.0935;135.2293
181.3549;134.7085;268.1557
183.8674;44.866;267.8073
272.2692;91.1582;314.6111
0.68272;44.6946;272.3347
3.6739;135.9758;272.0461
92.5812;88.6224;134.5093
3.9928;135.1798;271.8285
184.0133;44.9474;267.4261
272.457;91.2627;134.9813
183.6254;45.2294;268.0453
3.955;136.2331;272.6104
272.3588;91.1849;314.9281
3.931;136.0843;272.2139
181.235;134.3143;88.2964
92.4764;88.7912;135.2528
183.8332;44.9599;268.1337
3.6721;134.6982;271.625
92.4945;88.56;135.493
180.8894;135.0295;268.027
4.2426;135.568;92.2516
92.2767;88.4558;315.2162
3.6828;134.9909;91.8321
3.7208;134.472;272.2579
92.457;88.6344;315.9525
3.7437;134.7214;271.8919
0.61906;44.7185;272.4101
272.5327;91.2626;134.4411
1.0347;45.0567;271.9754
180.8933;134.941;267.8311
272.0421;91.5522;314.4897
3.7159;135.5461;271.6081
183.76;44.8877;268.129
272.4904;91.5384;315.0415
0.59646;44.9528;272.2216
183.6639;44.0627;87.9775
92.4517;88.5829;135.2136
183.7543;44.7906;88.2612
0.96387;44.9276;271.7564
272.5611;91.4377;315.3206
4.0377;134.7401;92.5618
183.7225;45.0646;88.1718
272.4295;91.4685;134.8187
183.4842;45.3759;88.3298
183.949;44.9261;267.67
92.5256;88.4985;315.1825
181.2704;135.0049;88.4068
3.8447;134.6401;272.1621
272.2853;91.4748;134.3019
183.88;44.7219;88.1543
183.7991;44.7063;267.5786
92.3391;88.1635;315.4109
181.113;135.5072;88.0752
0.65337;44.6525;92.18
92.4919;88.7818;134.9147
0.92836;44.3258;92.1783
3.4366;135.356;91.9433
272.1284;91.8051;314.2594
3.8123;135.0478;91.6054
0.69276;45.0191;92.037
272.5588;91.1355;314.7891
3.9459;135.2312;272.2255
180.7612;134.7797;87.6263
92.3946;88.378;135.2219
3.551;134.9283;91.8445
0.50314;45.2873;92.4406
92.7539;88.8727;314.8139
0.43401;45.5831;92.4051
183.9013;45.4471;268.0503
92.3777;88.7779;314.8171
183.8004;44.3177;267.861
183.9527;44.9409;87.7786
92.5892;88.4739;315.4014
176.3218;135.0978;177.6518
355.9618;44.9848;271.985
87.3783;88.7859;315.3934
359.0374;134.66;91.9439
176.0808;135.8355;267.9331
87.5098;88.4891;135.8495
359.3203;135.1771;272.2106
176.3205;134.8653;88.4405
267.7657;91.5352;314.6127
179.4922;45.0483;267.6165
178.4684;44.6757;88.5556
267.4229;91.1692;314.8944
175.8709;134.922;267.8269
176.031;135.1238;87.6579
267.3169;91.4217;314.5136
359.0833;135.0233;91.9183
359.2629;135.1789;272.3354
87.5959;88.6069;134.7785
358.7517;134.6205;271.9092
355.9212;44.2788;272.3955
87.447;88.889;314.1145
178.3836;44.838;268.6465
358.86;134.5154;271.9011
267.6343;91.371;135.0255
358.7419;134.7811;271.6639
176.138;135.5042;87.8286
87.6106;88.6196;134.8002
358.8923;134.5561;92.0264
175.9308;134.8579;267.8317
87.5647;88.6677;134.98
358.7439;135.2649;271.9074
356.3843;45.1543;271.9063
87.7181;88.4049;134.6197
179.1694;44.6148;267.824
175.9871;135.6268;267.5857
267.5654;91.3955;135.4796
359.2007;134.7464;272.2246
358.7571;135.407;92.0253
87.6362;88.822;315.777
175.9544;135.0167;87.8104
178.9514;45.1983;87.8913
87.7077;88.6281;135.6911
356.0808;44.4155;91.904
179.4863;44.9801;267.4268
87.8256;88.2766;315.0568
176.3617;134.7837;87.9799
356.0702;45.464;92.2305
87.5557;88.5401;315.043
356.3527;44.2701;91.8653
179.6767;44.9324;267.375
267.4875;91.4415;135.1941
358.882;134.9008;91.9785
178.3874;45.2879;88.3843
87.7818;88.2086;314.6591
175.8737;135.0541;267.8362
178.5002;44.8065;268.1891
87.6001;88.5644;315.1573
356.0135;44.8946;272.0738
358.8263;134.7025;272.0022
267.6907;91.6245;134.5894
178.6977;45.6007;88.2107
179.1106;44.7163;267.8922
87.2293;88.6483;134.7258
178.5826;45.2432;268.2409
179.167;44.8796;87.7845
87.7116;88.3345;314.5205
179.5978;45.4109;87.6318
176.2621;134.8944;88.2907
267.7096;91.4183;134.9241
359.044;134.7528;91.8846
179.065;45.3199;87.9492
87.9517;88.4288;314.6358
359.1834;133.9748;272.1418
358.5634;134.8113;91.8112
267.6506;91.4248;135.3369
356.1121;44.1861;272.1571
355.8071;44.509;91.9697
267.6252;91.5643;135.3257
176.0918;135.0194;268.3017
179.2974;45.5119;267.8865
87.6555;88.2737;314.585
356.1049;44.4333;272.1085
179.1328;44.925;87.8177
267.6185;91.5004;314.791
355.9643;44.7908;92.4173
178.9847;44.7326;268.1904
267.64;91.4309;134.4113
355.8702;44.3405;272.3503
359.1534;134.2031;272.0043
267.6282;91.6349;135.1099
179.1995;45.0178;87.8455
358.9689;135.4182;91.9354
267.4014;91.2646;315.227
179.1255;44.2278;267.7617
359.3245;135.1231;272.4644
87.373;88.5694;135.1322
356.5002;45.1711;91.8196
179.2148;44.8707;267.6745
267.3307;91.2333;315.3832
359.0744;134.0159;92.2296
176.0796;135.2291;268.0081
87.4942;88.6101;134.732
356.1561;45.0698;92.0361
358.867;134.6256;92.0966
267.4135;91.2554;134.5062
356.0878;44.4702;272.0419
179.3674;44.7778;87.6573
267.358;91.3316;315.2244
176.1224;135.7823;267.8253
179.2075;44.8188;267.6019
87.6076;88.353;315.4515
179.1533;45.285;268.0187
359.4195;134.7078;272.2077
267.5655;91.5472;136.0198
178.9546;45.2581;88.1736
358.4133;134.8095;91.5907
267.4373;91.2073;315.2148
359.3189;135.2804;92.0003
356.0157;45.0212;92.3158
267.6377;91.8439;314.4903
359.1258;135.2002;272.02
179.1513;45.316;267.9663
87.761;88.5233;314.8754
358.6254;134.7781;91.7932
358.994;134.9071;272.1925
267.5616;91.3646;315.4843
179.4402;45.6843;87.7393
356.0721;45.3486;271.9792
267.4862;91.3482;314.5586
179.1634;44.3414;267.9758
356.3293;45.2942;91.5121
87.4844;88.6894;314.7191
178.929;45.5728;87.9201
358.9886;134.8172;92.1207
87.6585;88.7865;135.2662
356.4581;45.0356;271.9619
176.2935;134.9617;268.4201
267.5577;91.5415;135.1325
179.1462;44.674;88.222
359.5593;134.2475;92.207
267.7139;91.4411;135.3291
176.3904;135.5521;88.2459
356.2408;44.4446;92.0497
87.729;88.5472;134.8096
178.9603;45.4755;87.8059
355.9781;44.6701;272.3568
87.6952;88.4264;315.5106
356.1535;45.8626;272.1925
179.1404;43.97;87.7324
267.4632;91.2866;135.2163
356.1982;44.6085;92.2025
355.8789;44.7104;272.4088
267.4903;91.3252;315.213
358.9766;134.8047;92.2128
178.7752;45.0293;88.2863
267.7859;91.3728;315.1339
179.2529;44.9337;87.8732
359.4731;135.0764;92.3541
87.6666;88.3124;314.7131
176.2066;135.3123;87.7884
178.9741;44.9636;87.9283
267.6772;91.4424;134.6258
175.8042;134.6624;267.8418
179.3062;44.7521;267.5225
87.5556;88.4835;314.8851
179.1617;45.8765;268.1165
356.1861;45.2077;91.7417
267.4229;91.4036;134.934
359.0704;134.9982;272.1505
356.2382;45.0889;272.3561
267.7164;91.2079;315.4019
356.1791;45.3326;271.744
179.2803;44.5065;87.7947
267.3891;91.3947;315.2527
355.8296;44.7354;92.4722
178.9396;45.2776;267.8303
87.9831;88.3766;314.2189
179.3836;45.1032;267.712
176.6563;134.4184;268.655
267.4288;91.2101;314.4914
179.0938;44.9907;87.7756
179.0632;44.5714;268.1591
87.6288;88.4724;315.3599
179.507;44.3853;267.6147
175.8556;135.3107;267.5869
87.8412;88.5197;134.8131
359.6584;134.4971;272.4236
178.7257;45.2249;268.2821
87.4421;88.5988;134.5677
359.3188;134.9947;92.1688
179.0825;45.2794;88.2681
267.533;91.5833;134.9107
176.1721;135.451;267.6513
176.3265;135.6883;88.2369
87.5735;88.6669;314.0622
359.242;134.584;92.1512
358.8037;134.6958;271.8243
87.8319;87.9323;314.4865
175.8787;135.1959;267.7338
179.0013;45.5291;268.0651
267.5408;91.3101;315.3842
355.9787;44.7492;272.4913
176.0461;134.423;268.0758
87.629;88.4634;135.0349
176.7866;135.5256;268.6231
179.0045;44.633;268.1028
87.7271;88.4659;313.8034
356.0624;44.9347;272.2345
356.0031;45.2329;92.095
267.6452;91.2262;135.974
359.2598;135.3725;272.2128
179.1638;45.1888;267.9269
87.4155;88.5172;134.9216
179.0248;45.6521;267.9364
178.8886;44.998;88.2283
87.5845;88.9214;314.6023
175.9554;134.8657;267.8216
356.1696;44.629;272.0391
267.377;91.5377;314.9845
176.1598;135.4388;88.1565
359.1511;134.2191;272.152
87.819;88.2975;314.3355
175.9615;136.0459;267.7978
359.0435;134.316;91.9287
267.5168;91.3077;315.3244
356.0222;44.327;272.4594
359.4222;134.6301;272.3781
87.6538;88.4519;315.372
359.2641;134.8968;272.329
175.7988;135.414;87.4466
267.5108;91.593;315.1123
176.1137;135.3589;87.845
356.1859;44.8517;92.0177
267.7526;91.5413;135.2283
356.201;44.7431;92.1833
359.0288;134.6383;91.8674
267.3767;91.5109;134.8771
356.2184;45.0181;272.4677
358.5981;134.9824;271.7005
87.6587;88.5112;134.9197
359.5721;135.6736;272.4709
176.1141;134.1641;88.2815
87.7924;88.4625;134.4675
178.7598;44.6348;268.2363
358.9946;134.8444;271.9701
267.952;91.6074;315.073
356.3352;44.8108;91.8176
176.5187;135.121;88.4133
87.8362;88.4558;314.9865
179.0297;45.5066;267.9688
356.2354;45.2238;91.8781
87.6134;88.412;315.3713
356.4011;45.9931;92.1152
178.8256;45.5039;268.4478
87.918;88.8007;314.4323
359.1318;134.5965;92.1687
176.0808;135.8203;267.2796
87.5376;88.9065;315.2293
178.6451;45.2915;88.1557
176.1326;135.134;87.8073
87.7308;88.8418;134.6111
359.3173;135.3054;92.3347
356.3261;44.0242;92.0461
267.4188;91.3776;314.5093
356.0072;44.8202;91.8285
175.9867;135.0526;87.4261
87.543;88.7373;314.9813
176.3746;134.7706;88.0453
356.045;43.7669;92.6104
87.6412;88.8151;134.9281
356.069;43.9157;92.2139
178.765;45.6857;268.2964
267.5236;91.2088;315.2528
176.1668;135.0401;88.1337
356.3279;45.3018;91.625
267.5055;91.44;315.493
179.1106;44.9705;88.027
355.7574;44.432;272.2516
267.7233;91.5442;135.2162
356.3172;45.0091;271.8321
356.2792;45.528;92.2579
267.543;91.3656;135.9525
356.2563;45.2786;91.8919
359.3809;135.2815;92.4101
87.4673;88.7374;314.4411
358.9653;134.9433;91.9754
179.1067;45.059;87.8311
87.9579;88.4478;134.4897
356.2841;44.4539;91.6081
176.24;135.1123;88.129
87.5096;88.4616;135.0415
359.4035;135.0472;92.2216
176.3361;135.9373;267.9775
267.5483;91.4171;315.2136
176.2457;135.2094;268.2612
359.0361;135.0724;91.7564
87.4389;88.5623;135.3206
355.9623;45.2599;272.5618
176.2775;134.9354;268.1718
87.5705;88.5315;314.8187
176.5158;134.6241;268.3298
176.051;135.0739;87.67
267.4744;91.5015;135.1825
178.7296;44.9951;268.4068
356.1553;45.3599;92.1621
87.7147;88.5252;314.3019
176.12;135.2781;268.1543
176.2009;135.2937;87.5786
267.6609;91.8365;135.4109
178.887;44.4928;268.0752
359.3466;135.3475;272.18
267.5081;91.2182;314.9147
359.0716;135.6742;272.1783
356.5634;44.644;271.9433
87.8716;88.1949;134.2594
356.1877;44.9522;271.6054
359.3072;134.9809;272.037
87.4412;88.8645;134.7891
356.0541;44.7688;92.2255
179.2388;45.2203;267.6263
267.6054;91.622;315.2219
356.449;45.0717;271.8445
359.4969;134.7127;272.4406
267.2461;91.1273;134.8139
359.566;134.4169;272.4051
176.0987;134.5529;88.0503
267.6223;91.2221;134.8171
176.1996;135.6823;87.861
176.0473;135.0591;267.7786
267.4108;91.5261;135.4014
357.8102;44.7665;4.1855
183.6785;45.7145;176.1177
3.3591;134.1512;93.8377
357.9039;44.1216;4.242
357.7828;44.9254;94.1317
183.9413;44.8006;175.5602
177.841;135.0714;85.7291
3.6328;134.5304;184.0656
357.5328;44.8282;94.2298
3.3459;133.8048;4.1524
183.6676;45.8672;265.9697
183.7612;45.0343;355.8127
183.4312;45.6346;85.9175
177.3983;135.879;355.7184
3.5362;133.8863;93.9881
357.666;44.9073;4.2136
177.9205;135.7098;265.8689
4.0497;134.7066;4.2237
183.8243;45.5578;265.8514
357.7301;44.2362;4.3575
3.6326;134.3642;274.0994
3.6694;134.1411;4.2132
357.7959;44.5213;274.3186
177.7159;135.9314;175.938
357.7664;43.9429;94.2067
3.6681;134.8647;4.304
177.5983;136.0987;85.834
357.6046;44.409;4.3322
177.8693;135.4032;265.8262
183.9293;45.7756;175.7072
183.7141;45.5113;265.6816
3.9713;134.289;184.3155
357.858;44.9979;93.9764
183.3634;45.893;176.06
183.8721;45.1077;265.5778
3.604;134.2865;184.0835
3.4114;133.7146;273.9375
183.5526;46.1395;175.9898
357.8779;44.5143;274.2724
178.0485;135.7041;175.9407
3.7441;134.6133;274.3255
357.8363;44.9146;184.3773
3.8071;134.5371;94.1646
3.8614;134.571;184.2371
3.7453;134.7273;274.3236
3.5652;134.1988;4.0516
183.8561;45.4776;265.6896
177.5656;135.803;175.8342
357.6403;44.7112;94.2392
177.6206;134.9773;355.6543
357.835;44.4787;274.1886
177.8955;135.7328;175.8651
177.5076;135.7502;265.5783
3.6249;134.4692;4.1331
183.6038;45.7477;265.8019
183.5807;45.6575;355.9619
357.749;44.7909;94.0358
357.8511;44.1492;184.0732
357.5297;44.6199;274.3601
183.4585;45.8527;355.9396
177.7502;136.1965;265.9676
357.614;44.555;184.3571
183.7917;46.1501;266.0088
178.1321;135.8489;175.8199
183.329;46.0897;86
177.8318;135.9468;355.7156
3.4609;133.6347;93.947
3.7498;134.5163;184.156
177.5942;135.5377;265.6711
357.6868;44.4799;184.3885
177.9284;135.1997;85.6966
177.6796;135.87;175.7741
183.5508;45.7323;85.8195
357.3673;43.7256;184.1079
3.981;134.4776;94.1999
357.9664;44.137;4.0357
357.7019;44.529;94.266
357.9303;44.4886;183.9739
177.7165;135.3509;85.7361
183.6763;45.8559;355.9675
357.8688;44.5292;93.977
357.7155;44.5418;184.1935
177.7793;136.217;85.8916
183.5841;46.0295;356.0095
183.4216;46.1735;85.982
177.7578;135.9184;355.8313
177.8864;135.2123;85.69
183.4946;46.0325;356.0482
357.7843;44.2696;94.1337
3.6318;134.6031;4.2246
177.5368;135.4259;85.7129
357.7034;44.9238;4.1994
3.5733;134.1273;273.8908
183.7435;45.3669;175.8444
177.6379;135.3469;85.6578
3.4528;133.8359;184.0159
183.78;45.7948;85.903
177.347;135.999;355.678
357.786;44.8327;274.2347
3.4351;134.0438;184.0376
357.7529;43.9782;94.1953
3.7737;134.3676;4.1556
177.8208;135.117;85.6934
357.4359;44.3281;4.3552
183.6529;45.4072;85.8731
357.761;44.7763;184.3498
3.5028;134.2784;93.9631
183.9706;45.433;355.6827
177.6654;135.2116;265.6468
178.1147;135.4639;355.9552
183.9764;45.3825;265.666
357.941;45.0182;4.0934
183.9246;45.5717;85.8405
357.6404;44.1216;184.1758
177.787;136.154;85.8516
178.0699;135.2628;175.6728
177.7021;135.4414;265.7177
3.5525;133.9319;3.8958
177.5955;135.2183;85.6337
3.6478;134.4908;184.182
183.367;45.9695;86.0973
3.7335;134.2741;4.1368
183.6323;45.7203;266.0762
3.6669;134.0898;184.1332
183.6542;45.5193;85.9097
177.7944;135.4231;355.99
177.8518;135.2161;85.6658
177.713;135.6677;175.8396
357.6558;44.5638;94.2473
3.7506;134.9972;4.3138
3.8268;134.4458;94.2745
178.0998;135.4615;175.8858
3.4134;133.959;273.849
183.682;45.5408;175.7131
183.7279;45.649;265.7253
357.6456;44.4168;4.196
3.705;134.5052;274.0254
177.3563;135.9913;355.7598
177.8106;135.6801;85.8502
177.4693;135.8745;175.6548
357.7037;44.9188;94.4335
183.5245;45.6854;175.9595
3.6257;134.3296;94.2894
177.6746;135.3645;175.6372
182.1898;135.2335;184.1855
356.3215;134.2855;356.1177
176.6409;45.8488;273.8377
182.0961;135.8784;184.242
182.2172;135.0746;274.1317
356.0587;135.1994;355.5602
2.159;44.9286;265.7291
176.3672;45.4696;4.0656
182.4672;135.1718;274.2298
176.6541;46.1952;184.1524
356.3324;134.1328;85.9697
356.2388;134.9657;175.8127
356.5688;134.3654;265.9175
2.6017;44.121;175.7184
176.4638;46.1137;273.9881
182.334;135.0927;184.2136
2.0795;44.2902;85.8689
175.9503;45.2934;184.2237
356.1757;134.4422;85.8514
182.2699;135.7638;184.3575
176.3674;45.6358;94.0994
176.3306;45.8589;184.2132
182.2041;135.4787;94.3186
2.2841;44.0686;355.938
182.2336;136.0571;274.2067
176.3319;45.1353;184.304
2.4017;43.9013;265.834
182.3954;135.591;184.3322
2.1307;44.5968;85.8262
356.0707;134.2244;355.7072
356.2859;134.4887;85.6816
176.0287;45.711;4.3155
182.142;135.0021;273.9764
356.6366;134.107;356.06
356.1279;134.8923;85.5778
176.396;45.7135;4.0835
176.5886;46.2854;93.9375
356.4474;133.8605;355.9898
182.1221;135.4857;94.2724
1.9515;44.2959;355.9407
176.2559;45.3867;94.3255
182.1637;135.0854;4.3773
176.1929;45.4629;274.1646
176.1386;45.429;4.2371
176.2547;45.2727;94.3236
176.4348;45.8012;184.0516
356.1439;134.5224;85.6896
2.4344;44.197;355.8342
182.3597;135.2888;274.2392
2.3794;45.0227;175.6543
182.165;135.5213;94.1886
2.1045;44.2672;355.8651
2.4924;44.2498;85.5783
176.3751;45.5308;184.1331
356.3962;134.2523;85.8019
356.4193;134.3425;175.9619
182.251;135.2091;274.0358
182.1489;135.8508;4.0732
182.4703;135.3801;94.3601
356.5415;134.1473;175.9396
2.2498;43.8035;85.9676
182.386;135.445;4.3571
356.2083;133.8499;86.0088
1.8679;44.1511;355.8199
356.671;133.9103;266
2.1682;44.0532;175.7156
176.5391;46.3653;273.947
176.2502;45.4837;4.156
2.4058;44.4623;85.6711
182.3132;135.5201;4.3885
2.0716;44.8003;265.6966
2.3204;44.13;355.7741
356.4492;134.2677;265.8195
182.6327;136.2744;4.1079
176.019;45.5224;274.1999
182.0336;135.863;184.0357
182.2981;135.471;274.266
182.0697;135.5114;3.9739
2.2835;44.6491;265.7361
356.3237;134.1441;175.9675
182.1312;135.4708;273.977
182.2845;135.4582;4.1935
2.2207;43.783;265.8916
356.4159;133.9705;176.0095
356.5784;133.8265;265.982
2.2422;44.0816;175.8313
2.1136;44.7877;265.69
356.5054;133.9675;176.0482
182.2157;135.7304;274.1337
176.3682;45.3969;184.2246
2.4632;44.5741;265.7129
182.2966;135.0762;184.1994
176.4267;45.8727;93.8908
356.2565;134.6331;355.8444
2.3621;44.6531;265.6578
176.5472;46.1641;4.0159
356.22;134.2052;265.903
2.653;44.001;175.678
182.214;135.1673;94.2347
176.5649;45.9562;4.0376
182.2471;136.0218;274.1953
176.2263;45.6324;184.1556
2.1792;44.883;265.6934
182.5641;135.6719;184.3552
356.3471;134.5928;265.8731
182.239;135.2237;4.3498
176.4972;45.7216;273.9631
356.0294;134.567;175.6827
2.3346;44.7884;85.6468
1.8853;44.5361;175.9552
356.0236;134.6175;85.666
182.059;134.9818;184.0934
356.0754;134.4283;265.8405
182.3596;135.8784;4.1758
2.213;43.846;265.8516
1.9301;44.7372;355.6728
2.2979;44.5586;85.7177
176.4475;46.0681;183.8958
2.4045;44.7817;265.6337
176.3522;45.5092;4.182
356.633;134.0305;266.0973
176.2665;45.7259;184.1368
356.3677;134.2797;86.0762
176.3331;45.9102;4.1332
356.3458;134.4807;265.9097
2.2056;44.5769;175.99
2.1482;44.7839;265.6658
2.287;44.3323;355.8396
182.3442;135.4362;274.2473
176.2494;45.0028;184.3138
176.1732;45.5542;274.2745
1.9002;44.5385;355.8858
176.5866;46.041;93.849
356.318;134.4592;355.7131
356.2721;134.351;85.7253
182.3544;135.5832;184.196
176.295;45.4948;94.0254
2.6437;44.0087;175.7598
2.1894;44.3199;265.8502
2.5307;44.1255;355.6548
182.2963;135.0812;274.4335
356.4755;134.3146;355.9595
176.3743;45.6704;274.2894
2.3254;44.6355;355.6372
3.6782;44.9022;357.6518
184.0382;135.0152;91.985
92.6217;91.2141;135.3934
180.9626;45.34;271.9439
3.9192;44.1645;87.9331
92.4902;91.5109;315.8495
180.6797;44.8229;92.2106
3.6795;45.1347;268.4405
272.2343;88.4648;134.6127
0.50784;134.9517;87.6165
1.5316;135.3243;268.5556
272.5771;88.8308;134.8944
4.1291;45.078;87.8269
3.969;44.8762;267.6579
272.6831;88.5783;134.5136
180.9167;44.9767;271.9183
180.7371;44.8211;92.3354
92.4041;91.3931;314.7785
181.2483;45.3795;91.9092
184.0788;135.7212;92.3955
92.553;91.111;134.1145
1.6164;135.162;88.6465
181.14;45.4846;91.9011
272.3657;88.629;315.0255
181.2581;45.2189;91.6639
3.862;44.4958;267.8286
92.3894;91.3804;314.8002
181.1077;45.4439;272.0264
4.0692;45.1421;87.8317
92.4353;91.3323;314.98
181.2561;44.7351;91.9074
183.6157;134.8457;91.9063
92.2819;91.5951;314.6197
0.83057;135.3852;87.824
4.0129;44.3732;87.5857
272.4346;88.6045;315.4796
180.7993;45.2536;92.2246
181.2429;44.593;272.0253
92.3638;91.178;135.777
4.0456;44.9833;267.8104
1.0486;134.8017;267.8913
92.2923;91.3719;315.6911
183.9192;135.5845;271.904
0.51368;135.0199;87.4268
92.1744;91.7234;135.0568
3.6383;45.2163;267.9799
183.9298;134.536;272.2305
92.4443;91.4599;135.043
183.6473;135.7299;271.8653
0.32331;135.0676;87.375
272.5125;88.5585;315.1941
181.118;45.0992;271.9785
1.6126;134.7121;268.3843
92.2182;91.7914;134.6591
4.1263;44.9459;87.8362
1.4998;135.1935;88.1891
92.3999;91.4356;135.1573
183.9865;135.1054;92.0738
181.1737;45.2975;92.0022
272.3093;88.3755;314.5894
1.3023;134.3993;268.2107
0.88937;135.2837;87.8922
92.7707;91.3517;314.7258
1.4174;134.7568;88.2409
0.83301;135.1204;267.7845
92.2884;91.6655;134.5205
0.40222;134.5891;267.6318
3.7379;45.1056;268.2907
272.2904;88.5817;314.9241
180.956;45.2472;271.8846
0.93502;134.6801;267.9492
92.0483;91.5712;134.6358
180.8166;46.0252;92.1418
181.4366;45.1887;271.8112
272.3494;88.5752;315.3369
183.8879;135.8139;92.1571
184.1929;135.491;271.9697
272.3748;88.4357;315.3257
3.9082;44.9806;88.3017
0.70259;134.4881;87.8865
92.3445;91.7263;134.585
183.8951;135.5667;92.1085
0.86719;135.075;267.8177
272.3815;88.4996;134.791
184.0357;135.2092;272.4173
1.0153;135.2674;88.1904
272.36;88.5691;314.4113
184.1298;135.6595;92.3503
180.8466;45.7969;92.0043
272.3718;88.3651;315.1099
0.80051;134.9822;267.8455
181.0311;44.5818;271.9354
272.5986;88.7354;135.227
0.87445;135.7722;87.7617
180.6755;44.8769;92.4644
92.627;91.4306;315.1322
183.4998;134.8289;271.8196
0.78517;135.1293;87.6745
272.6693;88.7667;135.3832
180.9256;45.9841;272.2296
3.9204;44.7709;88.0081
92.5058;91.3899;314.732
183.8439;134.9302;272.0361
181.133;45.3744;272.0966
272.5865;88.7446;314.5062
183.9122;135.5298;92.0419
0.63261;135.2222;267.6573
272.642;88.6684;135.2244
3.8776;44.2177;87.8253
0.79255;135.1812;87.6019
92.3924;91.647;135.4515
0.84669;134.715;88.0187
180.5805;45.2922;92.2077
272.4345;88.4528;316.0198
1.0454;134.7419;268.1736
181.5867;45.1905;271.5907
272.5627;88.7927;135.2148
180.6811;44.7196;272.0003
183.9843;134.9788;272.3158
272.3623;88.1561;134.4903
180.8742;44.7998;92.02
0.84874;134.684;87.9663
92.239;91.4767;134.8754
181.3746;45.2219;271.7932
181.006;45.0929;92.1925
272.4384;88.6354;135.4843
0.5598;134.3157;267.7393
183.9279;134.6514;91.9792
272.5138;88.6518;134.5586
0.83657;135.6586;87.9758
183.6707;134.7058;271.5121
92.5156;91.3106;134.7191
1.071;134.4272;267.9201
181.0114;45.1828;272.1207
92.3415;91.2135;315.2662
183.5419;134.9644;91.9619
3.7065;45.0383;88.4201
272.4423;88.4585;315.1325
0.85379;135.326;268.222
180.4407;45.7525;272.207
272.2861;88.5589;315.3291
3.6096;44.4479;268.2459
183.7592;135.5554;272.0497
92.271;91.4528;314.8096
1.0397;134.5245;267.8059
184.0219;135.3299;92.3568
92.3048;91.5736;135.5106
183.8465;134.1374;92.1925
0.8596;136.03;267.7324
272.5368;88.7134;315.2163
183.8018;135.3915;272.2025
184.1211;135.2896;92.4088
272.5097;88.6748;135.213
181.0234;45.1953;272.2128
1.2248;134.9707;268.2863
272.2141;88.6272;135.1339
0.74711;135.0663;267.8732
180.5269;44.9236;272.3541
92.3334;91.6876;134.7131
3.7934;44.6877;267.7884
1.0259;135.0364;267.9283
272.3228;88.5576;314.6258
4.1958;45.3376;87.8418
0.69378;135.2479;87.5225
92.4444;91.5165;134.8851
0.83832;134.1235;88.1165
183.8139;134.7923;271.7417
272.5771;88.5964;314.934
180.9296;45.0018;92.1505
183.7618;134.9111;92.3561
272.2836;88.7921;135.4019
183.8209;134.6674;91.744
0.71971;135.4935;267.7947
272.6109;88.6053;135.2527
184.1704;135.2646;272.4722
1.0604;134.7224;87.8303
92.0169;91.6234;134.2189
0.61638;134.8968;87.712
3.3437;45.5816;88.655
272.5712;88.7899;134.4914
0.90619;135.0093;267.7756
0.93681;135.4286;88.1591
92.3712;91.5276;135.3599
0.49301;135.6147;87.6147
4.1444;44.6893;87.5869
92.1588;91.4803;314.8131
180.3416;45.5029;92.4236
1.2743;134.7751;88.2821
92.5579;91.4012;314.5677
180.6812;45.0053;272.1688
0.9175;134.7206;268.2681
272.467;88.4167;314.9107
3.8279;44.549;87.6513
3.6735;44.3117;268.2369
92.4265;91.3331;134.0622
180.758;45.416;272.1512
181.1963;45.3042;91.8243
92.1681;92.0677;134.4865
4.1213;44.8041;87.7338
0.99873;134.4709;88.0651
272.4592;88.6899;135.3842
184.0213;135.2508;92.4913
3.9539;45.577;88.0758
92.371;91.5366;315.0349
3.2134;44.4744;88.6231
0.99547;135.367;88.1028
92.2729;91.5341;133.8034
183.9376;135.0653;92.2345
183.9969;134.7671;272.095
272.3548;88.7738;315.974
180.7402;44.6275;92.2128
0.83624;134.8112;87.9269
92.5845;91.4828;314.9216
0.97525;134.3479;87.9364
1.1114;135.002;268.2283
92.4155;91.0786;134.6023
4.0446;45.1343;87.8216
183.8304;135.371;92.0391
272.623;88.4623;134.9845
3.8402;44.5612;268.1565
180.8489;45.7809;92.152
92.181;91.7025;134.3355
4.0385;43.9541;87.7978
180.9565;45.684;271.9287
272.4832;88.6923;135.3244
183.9778;135.673;92.4594
180.5778;45.3699;92.3781
92.3462;91.5481;135.372
180.7359;45.1032;92.329
4.2012;44.586;267.4466
272.4892;88.407;135.1123
3.8863;44.6411;267.845
183.8141;135.1483;272.0177
272.2474;88.4587;315.2283
183.799;135.2569;272.1833
180.9712;45.3617;271.8674
272.6233;88.4891;314.8771
183.7816;134.9819;92.4677
181.4019;45.0176;91.7005
92.3413;91.4888;314.9197
180.4279;44.3264;92.4709
3.8859;45.8359;268.2815
92.2076;91.5375;314.4675
1.2402;135.3652;88.2363
181.0054;45.1556;91.9701
272.048;88.3926;135.073
183.6648;135.1892;271.8176
3.4813;44.879;268.4133
92.1638;91.5442;134.9865
0.97028;134.4934;87.9688
183.7646;134.7762;271.8781
92.3866;91.588;135.3713
183.5989;134.0069;272.1152
1.1744;134.4961;88.4478
92.082;91.1993;134.4323
180.8682;45.4035;272.1687
3.9192;44.1797;87.2796
92.4624;91.0935;135.2293
1.3549;134.7085;268.1557
3.8674;44.866;267.8073
92.2692;91.1582;314.6111
180.6827;44.6946;272.3347
183.6739;135.9758;272.0461
272.5812;88.6224;134.5093
183.9928;135.1798;271.8285
4.0133;44.9474;267.4261
92.457;91.2627;134.9813
3.6254;45.2294;268.0453
183.955;136.2331;272.6104
92.3588;91.1849;314.9281
183.931;136.0843;272.2139
1.235;134.3143;88.2964
272.4764;88.7912;135.2528
3.8332;44.9599;268.1337
183.6721;134.6982;271.625
272.4945;88.56;135.493
0.88937;135.0295;268.027
184.2426;135.568;92.2516
272.2767;88.4558;315.2162
183.6828;134.9909;91.8321
183.7208;134.472;272.2579
272.457;88.6344;315.9525
183.7437;134.7214;271.8919
180.6191;44.7185;272.4101
92.5327;91.2626;134.4411
181.0347;45.0567;271.9754
0.89329;134.941;267.8311
92.0421;91.5522;314.4897
183.7159;135.5461;271.6081
3.76;44.8877;268.129
92.4904;91.5384;315.0415
180.5965;44.9528;272.2216
3.6639;44.0627;87.9775
272.4517;88.5829;135.2136
3.7543;44.7906;88.2612
180.9639;44.9276;271.7564
92.5611;91.4377;315.3206
184.0377;134.7401;92.5618
3.7225;45.0646;88.1718
92.4295;91.4685;134.8187
3.4842;45.3759;88.3298
3.949;44.9261;267.67
272.5256;88.4985;315.1825
1.2704;135.0049;88.4068
183.8447;134.6401;272.1621
92.2853;91.4748;134.3019
3.88;44.7219;88.1543
3.7991;44.7063;267.5786
272.3391;88.1635;315.4109
1.113;135.5072;88.0752
180.6534;44.6525;92.18
272.4919;88.7818;134.9147
180.9284;44.3258;92.1783
183.4366;135.356;91.9433
92.1284;91.8051;314.2594
183.8123;135.0478;91.6054
180.6928;45.0191;92.037
92.5588;91.1355;314.7891
183.9459;135.2312;272.2255
0.76117;134.7797;87.6263
272.3946;88.378;135.2219
183.551;134.9283;91.8445
180.5031;45.2873;92.4406
272.7539;88.8727;314.8139
180.434;45.5831;92.4051
3.9013;45.4471;268.0503
272.3777;88.7779;314.8171
3.8004;44.3177;267.861
3.9527;44.9409;87.7786
272.5892;88.4739;315.4014
