150;2.5;185
150;2.5;240
270;2.5;65
30;2.5;310
30;2.5;355
90;7.5;245
90;7.5;300
130;7.5;205
130;7.5;260
170;7.5;160
170;7.5;225
210;7.5;120
210;7.5;185
250;7.5;80
250;7.5;140
250;7.5;145
290;7.5;45
290;7.5;100
330;7.5;10
330;7.5;55
10;7.5;330
10;7.5;15
50;7.5;290
50;7.5;335
101.25;12.5;233.75
101.25;12.5;293.75
123.75;12.5;206.25
123.75;12.5;271.25
123.75;12.5;276.25
146.25;12.5;168.75
146.25;12.5;173.75
146.25;12.5;178.75
146.25;12.5;183.75
146.25;12.5;253.75
168.75;12.5;146.25
168.75;12.5;151.25
168.75;12.5;156.25
191.25;12.5;123.75
191.25;12.5;128.75
213.75;12.5;101.25
213.75;12.5;106.25
213.75;12.5;186.25
236.25;12.5;78.75
236.25;12.5;83.75
236.25;12.5;88.75
236.25;12.5;163.75
258.75;12.5;61.25
258.75;12.5;66.25
258.75;12.5;136.25
258.75;12.5;141.25
281.25;12.5;48.75
281.25;12.5;108.75
281.25;12.5;113.75
303.75;12.5;31.25
303.75;12.5;86.25
326.25;12.5;8.75
326.25;12.5;58.75
348.75;12.5;351.25
348.75;12.5;36.25
11.25;12.5;328.75
11.25;12.5;13.75
33.75;12.5;306.25
33.75;12.5;351.25
56.25;12.5;283.75
78.75;12.5;311.25
90;17.5;225
90;17.5;235
90;17.5;240
90;17.5;310
106.3636;17.5;223.6364
106.3636;17.5;293.6364
122.7273;17.5;192.2727
122.7273;17.5;197.2727
122.7273;17.5;202.2727
270;17.5;45
270;17.5;50
286.3636;17.5;28.6364
286.3636;17.5;33.6364
286.3636;17.5;38.6364
286.3636;17.5;108.6364
286.3636;17.5;113.6364
302.7273;17.5;27.2727
302.7273;17.5;87.2727
302.7273;17.5;92.2727
319.0909;17.5;10.9091
319.0909;17.5;15.9091
319.0909;17.5;70.9091
335.4545;17.5;359.5455
351.8182;17.5;33.1818
8.1818;17.5;331.8182
8.1818;17.5;16.8182
24.5455;17.5;315.4545
24.5455;17.5;0.45455
40.9091;17.5;299.0909
57.2727;17.5;282.7273
57.2727;17.5;332.7273
73.6364;17.5;316.3636
96.4286;22.5;218.5714
96.4286;22.5;223.5714
96.4286;22.5;228.5714
302.1429;22.5;12.8571
302.1429;22.5;17.8571
302.1429;22.5;97.8571
315;22.5;5
315;22.5;10
315;22.5;80
315;22.5;85
327.8571;22.5;2.1429
327.8571;22.5;62.1429
340.7143;22.5;354.2857
340.7143;22.5;49.2857
353.5714;22.5;341.4286
353.5714;22.5;36.4286
6.4286;22.5;328.5714
6.4286;22.5;23.5714
19.2857;22.5;315.7143
19.2857;22.5;10.7143
32.1429;22.5;302.8571
32.1429;22.5;357.8571
45;22.5;290
45;22.5;345
57.8571;22.5;277.1429
70.7143;22.5;259.2857
70.7143;22.5;264.2857
70.7143;22.5;324.2857
83.5714;22.5;241.4286
83.5714;22.5;246.4286
83.5714;22.5;316.4286
319.0909;27.5;355.9091
319.0909;27.5;0.90909
319.0909;27.5;80.9091
330;27.5;345
330;27.5;350
330;27.5;355
330;27.5;65
330;27.5;70
340.9091;27.5;344.0909
340.9091;27.5;349.0909
340.9091;27.5;54.0909
340.9091;27.5;59.0909
351.8182;27.5;338.1818
351.8182;27.5;43.1818
2.7273;27.5;327.2727
2.7273;27.5;27.2727
13.6364;27.5;321.3636
13.6364;27.5;16.3636
24.5455;27.5;310.4545
24.5455;27.5;5.4545
35.4545;27.5;299.5455
35.4545;27.5;359.5455
46.3636;27.5;283.6364
46.3636;27.5;288.6364
46.3636;27.5;348.6364
57.2727;27.5;272.7273
57.2727;27.5;342.7273
68.1818;27.5;246.8182
68.1818;27.5;251.8182
68.1818;27.5;256.8182
68.1818;27.5;261.8182
68.1818;27.5;331.8182
79.0909;27.5;235.9091
79.0909;27.5;240.9091
79.0909;27.5;245.9091
343.8462;32.5;331.1538
353.0769;32.5;321.9231
353.0769;32.5;326.9231
353.0769;32.5;46.9231
2.3077;32.5;312.6923
2.3077;32.5;317.6923
2.3077;32.5;322.6923
2.3077;32.5;32.6923
2.3077;32.5;37.6923
11.5385;32.5;303.4615
11.5385;32.5;308.4615
11.5385;32.5;313.4615
11.5385;32.5;28.4615
20.7692;32.5;294.2308
20.7692;32.5;299.2308
20.7692;32.5;304.2308
20.7692;32.5;19.2308
30;32.5;285
30;32.5;290
30;32.5;295
30;32.5;10
39.2308;32.5;275.7692
39.2308;32.5;280.7692
39.2308;32.5;285.7692
39.2308;32.5;0.76923
48.4615;32.5;266.5385
48.4615;32.5;271.5385
48.4615;32.5;276.5385
142.16;2.6339;352.9703
45.0357;89.6312;87.4675
134.7938;92.6471;359.6608
139.2448;2.6917;265.9175
315.251;87.2887;180.2985
135.1507;92.6378;179.8063
225.2015;90.2014;2.6821
325.6524;177.4665;280.586
225.0556;90.2155;272.5532
320.0403;87.3312;269.9723
139.9573;92.7526;0.15636
142.6233;2.6379;87.2997
140.8826;2.5071;358.91
229.9164;90.3624;92.7138
140.0552;92.6335;179.9842
319.8213;177.3751;269.8318
49.8711;89.954;267.3897
49.9669;89.8997;357.3786
144.6883;92.6177;359.9792
234.6828;89.618;182.5971
234.724;89.9538;272.636
313.5177;177.3343;78.787
54.6467;90.0856;177.2932
54.6938;90.2586;87.422
143.7033;2.6964;5.9358
59.6513;90.6949;87.4036
135.3299;2.5301;14.4173
215.3494;90.7041;92.5279
305.3053;87.5452;90.837
215.5391;90.5595;2.4732
318.5106;177.5133;8.133
310.2115;87.374;270.4822
130.1674;92.5434;359.4671
310.2379;87.2669;270.1705
130.1795;92.6222;89.6916
141.1805;2.7641;349.128
45.0708;88.5192;182.37
135.0183;87.7715;88.4928
225.0468;91.4787;267.7772
280.3905;2.5913;34.5854
96.399;177.3495;51.3811
224.9553;91.4058;177.7939
45.0806;88.5603;272.3396
134.9575;87.7597;88.4941
314.9984;92.1922;181.535
44.9296;88.4371;182.1416
139.8831;87.8593;88.3251
140.0334;87.8266;178.2696
139.8081;87.9866;358.317
319.9859;92.0008;181.7621
139.7977;87.8951;88.3628
282.4835;2.7489;217.3566
139.9247;88.084;268.2459
229.9063;91.6592;87.7926
229.9955;91.7566;357.9589
139.9857;87.8322;358.3415
234.7152;91.7862;177.9976
54.75;88.1388;1.8974
283.4664;2.6517;131.331
276.4942;2.5956;138.1833
234.7127;91.8402;357.9127
324.9536;91.7479;1.8512
144.8047;88.04;358.0814
329.7801;91.881;2.055
239.6413;92.0783;358.2663
99.5407;177.354;309.9421
99.9999;177.414;220.2361
210.4889;90.8121;267.3324
120.5381;87.4736;358.9953
279.8664;2.7274;115.5421
125.378;87.5117;359.0522
305.3142;92.4387;181.2317
215.3369;90.9861;267.4825
310.207;92.456;271.2816
96.2696;177.2432;146.1037
220.2663;91.2485;357.4438
310.1144;92.3253;91.2954
281.3564;2.6427;208.8649
310.3651;92.3108;1.3463
278.9412;2.6353;211.1897
45.0007;92.7956;1.0179
209.6995;177.0479;344.6633
225.2043;87.3063;89.3482
210.794;177.0849;255.876
225.0539;87.2475;269.2458
208.0028;176.9746;342.8933
28.0408;2.9258;107.1748
205.953;177.1731;70.9792
44.9668;92.7129;90.8454
315.1974;90.9394;267.0519
45.1172;92.6937;90.8624
45.1881;92.7239;180.9035
314.9687;91.1329;267.1681
27.5864;3.0633;197.3087
315.0424;90.8146;87.2836
206.9793;177.117;161.8986
224.9807;87.2397;269.3402
135.1003;89.2612;272.7815
229.8591;87.2448;88.8988
319.9901;91.04;177.4042
230.1243;87.2981;88.9493
26.1386;2.8177;203.8049
229.7967;87.4103;88.8743
230.1815;87.3479;358.8898
139.9571;88.7077;182.5479
139.8846;88.9062;92.7404
50.0031;92.6032;90.9565
29.5678;2.8494;290.437
50.061;92.6625;181.2435
49.9937;92.5206;271.1644
207.8198;177.1868;248.0094
206.9213;177.1182;246.8949
29.0179;2.8744;20.8751
211.0034;177.1118;161.1024
320.0497;90.9593;177.1038
144.5958;88.689;272.5891
54.8307;92.6626;1.109
324.8599;91.5226;87.4455
54.6977;92.5404;91.3937
144.8403;88.6736;272.6642
54.837;92.5929;1.271
28.5078;2.9683;26.1615
234.8623;87.4327;178.7157
54.6906;92.692;181.3233
234.8479;87.4415;358.6589
30.4401;2.8137;24.4379
204.7096;177.183;329.9856
212.8277;176.9814;333.3438
329.522;91.802;177.5466
329.7371;91.5368;267.5684
210.2538;177.2277;60.66
27.7356;2.8098;301.8435
329.6186;91.3623;87.5629
64.4904;92.3699;271.7418
334.449;91.9119;177.8604
210.468;87.0898;359.8991
30.5344;92.9721;269.9358
125.5118;89.6592;182.8741
215.3511;87.1726;89.5233
305.1856;90.5481;87.2152
35.3823;92.943;0.35177
215.3696;87.1673;359.6937
35.3743;92.8642;0.46762
220.2601;87.164;269.3082
220.3052;87.2528;269.0909
310.0196;90.7164;267.1232
310.3093;90.7487;357.1795
31.31;2.9002;278.7891
40.3063;92.8243;90.7039
220.2086;87.1853;359.2048
40.1292;92.8222;180.5523
130.2374;89.3167;182.9094
40.398;92.8391;181.0362
207.9641;177.1438;77.7849
40.203;92.935;270.5009
278.9414;172.5338;233.6956
315.2357;83.8025;265.6544
45.1099;94.4738;263.8374
135.5072;96.0724;274.4485
44.9159;94.5857;83.8425
279.0529;172.4821;139.0724
140.2759;95.629;4.9713
278.9743;172.424;48.8494
140.2596;95.7717;274.931
140.2763;95.7905;274.9864
99.4342;7.6353;135.2848
325.0498;84.5631;354.558
234.7846;84.471;275.2903
145.2256;95.2978;95.5344
150.0446;94.8496;275.8725
330.1108;85.1572;174.0798
215.2415;86.6722;186.9265
305.5052;83.1044;86.5718
279.0101;172.5905;148.7565
220.3354;86.1577;6.635
40.2828;93.8414;353.455
224.9758;88.9751;277.1829
135.1579;97.0806;0.99943
315.3325;82.865;358.945
308.2183;172.6927;263.2435
127.0801;7.2907;97.7647
127.0451;7.4515;187.8943
229.7713;88.4986;187.1195
49.8604;91.4529;262.6822
140.0787;97.2269;271.5234
307.5587;172.6381;347.7212
125.7455;7.3745;194.1669
229.838;88.4617;97.1048
324.8956;83.0737;177.8924
144.9213;96.9457;2.2788
54.7801;92.2219;353.1174
308.6986;172.7048;254.0537
239.4396;87.3983;186.5778
239.4873;87.2361;6.901
215.3499;90.3073;187.2033
215.3539;90.1805;97.3022
126.9701;7.2628;3.3247
220.226;89.6836;97.4276
127.7804;7.3274;92.5385
167.6002;7.0716;240.9443
168.2121;7.3505;240.7558
318.6017;83.8951;93.5115
318.575;83.7363;273.4773
144.5803;96.6851;357.0563
347.0257;172.8056;112.1903
41.6582;85.6198;174.2701
169.0004;7.1758;232.5577
347.664;172.889;35.8793
30.5705;172.8249;161.9061
318.4074;87.7559;96.8119
31.7764;172.7661;72.998
318.4349;87.6588;6.8672
29.8805;172.9212;155.1497
144.7034;92.7449;173.6498
211.6802;7.0476;9.9296
221.7699;97.1511;181.2976
41.5981;83.1336;268.3855
224.9242;96.4148;176.6419
72.3246;172.9236;297.2385
315.4426;93.3518;96.2819
135.394;86.7452;263.6315
49.7662;83.298;92.6325
319.9839;92.7229;276.7714
320.1415;92.675;276.7457
49.7662;83.345;2.7085
234.7164;96.9009;357.9588
144.9786;87.8196;353.0825
144.7488;89.0214;263.0288
40.1189;83.9093;3.763
252.7417;7.2332;237.3115
130.3412;85.9153;84.0467
225.0257;92.827;83.1737
292.8418;7.3979;292.0962
293.1149;7.4951;111.9954
44.9285;87.0894;6.8629
315.279;96.9061;2.9198
135.2139;83.1407;177.2537
44.812;86.9968;6.9315
315.5169;96.8338;272.8829
292.4459;7.3384;117.5483
112.552;172.5606;332.5602
49.5916;86.7718;96.6759
139.9815;83.4988;86.625
112.8545;172.6404;242.8248
319.9809;96.5676;273.4208
49.61;86.6366;6.5901
112.3126;172.5431;62.4118
145.1494;83.543;176.0906
145.1692;83.6729;356.0479
144.9416;83.7917;265.9537
234.5887;94.0653;263.74
54.663;86.101;276.2041
292.4898;7.2837;212.3638
239.4601;94.3857;354.1733
239.3228;94.4318;173.9705
291.9986;7.4434;307.6481
125.5625;82.7716;88.3348
293.7612;7.4488;11.5708
215.3492;91.647;262.5424
35.2511;88.3209;277.3448
310.5066;97.1944;2.2443
310.3647;97.0715;272.1962
40.0342;87.7139;277.1893
113.9443;172.5548;343.6383
130.5821;82.9522;87.6862
130.471;82.8746;357.807
225.1588;87.9258;262.8234
152.651;172.3475;17.296
152.4757;172.3749;107.3933
225.3202;87.8128;352.7414
332.3396;7.7811;162.7098
332.1874;7.6781;162.865
225.1778;87.7153;352.7895
225.0944;87.8806;262.6972
225.1907;87.8056;262.698
314.8824;97.2705;357.9715
225.0635;87.9017;82.6148
225.1299;87.8855;352.5288
225.1767;87.8483;82.8045
45.3458;92.2299;187.54
314.9213;97.262;177.7169
135.0112;82.6038;2.3281
314.7807;97.3786;177.6719
333.9264;7.6774;256.045
319.9051;97.2512;178.3323
139.827;82.5843;91.4484
331.9172;7.6244;347.9924
151.8867;172.2666;102.072
229.9043;88.3691;172.703
319.6749;97.4778;268.3586
319.8548;97.4532;88.4376
229.9864;88.3918;262.4876
139.8645;82.5943;91.6169
50.0435;91.5547;97.3785
319.7825;97.4568;88.5361
152.4158;172.5665;102.4806
230.1543;88.3258;82.5242
152.2289;172.2005;192.2508
230.0337;88.359;172.6414
139.8539;82.6179;1.6809
54.9138;91.042;187.6052
54.8728;90.9397;187.4433
144.7507;82.475;90.8996
332.8833;7.5215;351.8048
332.4859;7.5249;172.3792
332.1806;7.5863;82.6341
330.6903;7.5059;84.0865
333.0096;7.6702;351.7912
54.776;90.9003;97.5994
151.3494;172.542;276.5113
151.9823;172.2749;277.1533
55.152;90.8619;277.4041
152.9073;172.4455;93.2651
331.2178;7.5993;88.2488
239.6358;89.5499;262.3686
151.634;172.5074;91.9749
239.6681;89.8001;82.4949
151.1958;172.4683;91.5018
64.4327;89.767;97.5447
334.6158;97.3827;180.2837
210.7008;86.2207;353.56
30.8262;94.0093;96.5067
210.5897;84.895;353.4647
152.567;172.2672;27.2835
332.0061;7.4511;243.3123
152.4204;172.4055;207.1672
125.0967;83.1977;3.4256
331.7754;7.6177;153.5504
125.0376;83.0355;3.5343
305.0541;96.7176;86.6602
40.4355;92.792;276.9763
151.9952;172.3444;21.7945
40.252;92.6222;187.0842
332.8411;7.6504;337.4221
220.2957;87.1539;82.9412
310.0052;97.2284;267.1788
332.8996;7.6687;247.2846
309.9983;96.9617;267.2556
331.5868;7.6212;338.5168
40.4152;92.9606;7.1252
130.0973;82.9687;92.7091
40.4006;92.9325;187.1272
220.313;87.2421;173.1166
190.869;172.3013;235.9284
314.8972;94.4433;173.5908
225.3237;83.7564;265.3375
189.8889;172.3987;54.7539
45.2434;96.3891;274.4165
134.8793;85.5602;186.289
191.7373;172.1536;146.6447
225.2016;83.6311;355.6354
190.1852;172.2571;235.067
314.7572;94.3491;173.7155
190.4262;172.273;235.3329
45.3213;96.4024;94.378
314.7511;94.3641;353.7054
225.1795;83.7695;175.5407
314.7265;94.4328;263.5637
45.263;96.4053;4.3226
314.628;94.4574;173.6765
314.8067;94.2733;83.5278
45.3199;96.2643;184.1796
225.2464;83.7979;85.6568
135.0993;85.5288;186.141
190.3578;172.3096;55.3732
190.0327;172.1975;145.1089
10.063;7.6616;214.9409
11.2958;7.7738;304.1641
134.7086;85.4795;6.4082
230.1718;84.061;174.99
50.2306;95.9482;184.902
50.3667;95.8899;94.8838
230.0305;84.0223;355.0719
319.6508;94.7992;173.9015
50.0659;95.7944;95.1032
230.2685;84.2577;354.9708
230.2902;84.1361;174.9804
190.4982;172.2632;230.5508
50.2615;96.0425;4.8878
190.1701;172.2318;230.2354
139.7671;85.1201;95.9218
49.9771;96.1221;274.8702
50.0978;95.9578;4.9595
319.7225;94.7456;264.1141
139.6503;85.0548;185.8961
10.9134;7.7534;129.0036
230.2997;83.8847;355.1686
50.2023;95.8684;94.9539
230.2692;84.0374;355.1945
10.6098;7.5362;39.2623
10.3372;7.7079;219.6488
50.2001;96.0607;94.8526
230.2628;84.1396;265.0597
139.6535;85.1157;96.0231
144.4655;84.6286;5.7541
191.3503;172.2624;136.4503
234.9772;84.5144;174.6045
324.7;95.2918;174.6111
54.9212;95.3285;95.4411
324.4794;95.3306;174.3851
235.0074;84.4593;354.6424
190.1963;172.2805;135.367
10.9353;7.6684;133.8951
144.7638;84.5805;5.3653
144.4411;84.5857;5.4801
144.4765;84.7102;275.3679
324.4902;95.3014;174.442
55.1281;95.5273;95.2728
192.5142;172.1978;137.5987
189.8985;172.2452;315.136
55.1124;95.4005;5.257
11.4694;7.5888;223.3786
190.3814;172.312;130.6475
149.4181;84.2526;184.9351
10.5161;7.7566;139.0326
190.6672;172.4126;220.9511
329.3767;95.7934;264.8367
329.4893;95.8761;355.0827
190.2284;172.2523;40.5492
10.1494;7.6169;229.3225
59.8868;95.0722;96.1258
334.1824;96.2008;85.4565
245.0251;85.5405;353.8911
244.9099;85.5106;263.656
189.5955;172.4179;69.1859
120.5079;87.1995;187.1121
30.7785;97.2088;92.6435
305.0868;93.3029;352.9647
10.3748;7.8138;204.7916
305.0774;93.1748;353.0811
215.7169;83.0255;176.7105
215.4817;82.8215;356.7169
215.6332;83.1555;356.7083
12.1444;7.6725;23.1658
9.8377;7.6766;295.3836
125.0109;86.905;97.2052
220.3565;83.3148;356.2184
10.3113;7.7066;119.8364
220.3447;83.2357;266.0162
129.8898;86.201;96.6471
10.6425;7.7277;119.529
40.4875;96.7879;183.7722
190.4605;172.4831;150.138
220.4202;83.2723;175.8568
189.5535;172.2473;329.2849
9.8361;7.7457;30.336
220.5042;83.2269;86.1211
40.391;96.6776;183.9103
10.5596;7.7074;119.5125
40.3759;96.7283;273.9209
9.8343;7.8189;120.3892
220.6177;83.1982;86.0274
191.7784;172.1993;151.512
9.2785;7.8341;301.0839
40.2429;96.8097;183.7651
135.2483;91.2403;277.5349
135.1427;91.2517;97.3373
315.2447;88.4628;172.5574
225.1578;82.8283;181.4655
55.0334;7.5567;260.2325
315.4477;88.6367;262.6506
44.932;97.345;178.3472
225.1273;82.731;271.4112
45.153;97.3442;178.6649
225.0542;82.7262;181.212
315.0103;88.5863;262.726
225.0837;82.5968;181.5493
135.23;91.5674;187.3331
45.0079;97.2343;178.5352
236.4307;172.4654;281.3698
135.0454;91.3823;187.2628
225.1588;82.7539;90.9799
135.1184;91.1754;97.389
135.3138;91.7593;187.2784
224.9392;82.7756;271.3076
45.0658;97.3169;268.6332
235.7535;172.6441;190.5561
135.1389;91.2918;7.2319
135.1318;91.484;7.3301
57.0067;7.4785;78.1897
56.2125;7.5021;348.8333
315.2299;88.4968;352.6924
135.3249;91.3243;277.4309
55.9211;7.2984;84.0478
140.1244;90.6373;7.4107
49.8362;97.4719;359.3903
319.9757;89.0832;82.4644
49.9284;97.3056;269.2054
49.989;97.3529;359.3353
229.9148;82.4921;90.6225
229.8635;82.6419;90.7319
56.0893;7.3047;83.7222
140.1031;90.5819;97.4551
235.3961;172.4648;95.3817
50.077;97.56;359.3066
57.3688;7.4873;82.5278
233.9713;172.4843;4.1117
237.5572;172.553;7.5292
50.1273;97.4809;359.2775
49.9796;97.6231;89.2402
237.5493;172.4462;277.6766
49.9038;97.4535;358.9113
55.5681;7.4414;174.3661
319.9897;89.061;352.7665
50.0159;97.2401;89.0685
238.9121;172.574;9.0486
140.0959;90.6963;187.431
229.8369;82.5832;270.8717
50.011;97.3338;179.2405
230.061;82.6347;90.8383
139.8465;90.7114;7.4835
320.0483;89.2076;172.4918
237.7025;172.4774;277.7606
234.8647;82.6376;89.9789
234.6325;82.6336;270.2978
234.7117;82.5261;270.2146
54.8345;97.5333;89.7631
144.8033;90.2119;7.3713
325.0502;89.619;262.6854
57.0802;7.395;177.8233
237.0207;172.5251;181.9968
55.6359;7.3762;179.1827
56.6053;7.603;88.2409
55.7008;7.4713;179.156
324.8512;89.7637;262.5074
144.8548;90.0801;187.5323
54.9504;7.3956;269.9008
234.8923;82.3723;90.2682
55.0286;7.3293;359.9278
234.8314;82.6241;270.3059
233.2093;172.5866;88.5302
234.7946;82.6318;90.1149
236.9415;172.5222;2.0064
234.7683;172.5701;179.9867
324.8879;89.8157;262.419
329.8076;90.2805;172.4836
329.583;90.4366;82.654
239.7249;82.443;89.3744
236.5274;172.5013;356.8129
329.7669;90.4603;172.5299
149.573;89.5248;97.4253
234.0421;172.5326;264.4688
239.5984;82.4739;359.181
55.3531;7.4887;274.4785
149.5494;89.2753;97.4872
57.1568;7.4501;92.6136
334.3786;90.9302;262.705
154.4004;89.0262;97.2692
236.6208;172.5673;262.1145
334.4909;91.0197;82.5698
300.8513;86.6297;173.396
120.7269;93.3539;6.6166
300.7009;87.0978;263.195
30.4603;96.7338;87.1385
305.5249;87.2847;353.0748
215.1681;83.0887;92.7682
35.3875;96.8523;267.1268
234.2024;172.3905;108.7066
35.2636;97.1421;357.5356
215.2439;83.034;92.5508
234.497;172.4887;289.1035
55.1032;7.5463;160.3476
215.2487;83.0935;182.8189
125.7064;92.7704;276.9255
220.2024;82.8372;182.1253
237.2899;172.4601;287.1154
40.1528;97.2193;268.1182
56.9697;7.52;343.2667
40.1112;97.1898;358.1772
235.2403;172.5276;195.0849
310.468;87.8965;262.8726
130.436;92.1851;7.264
54.508;7.5955;255.6101
130.4612;91.9685;7.3055
130.3224;92.0766;97.1556
310.4619;88.0256;172.811
220.2196;82.6853;92.1765
237.5066;172.4724;17.3227
57.127;7.5278;253.1097
130.4733;91.9955;7.1808
234.706;172.5865;284.6243
220.1527;82.8309;272.0621
310.4052;87.9216;262.7345
40.097;96.8898;267.4551
99.8382;12.2599;35.2225
224.4617;82.9301;100.245
135.9032;100.0336;7.2394
99.938;12.2638;305.0339
135.6657;99.9394;186.8869
320.4694;80.6283;172.0863
49.4013;97.9006;260.7323
49.4684;97.6981;350.508
320.6959;80.6356;82.1046
280.1716;167.8402;140.3299
234.105;81.1359;278.7786
99.3297;12.2735;45.5282
145.2535;98.7529;98.5684
145.6124;98.7294;8.6671
279.3268;167.5902;219.848
330.3667;82.0841;170.449
310.674;79.2581;353.6953
130.8598;100.4684;276.2321
39.9298;95.9288;169.624
315.483;78.2907;177.3016
315.3913;78.075;87.2787
140.186;101.6503;94.0066
320.5924;78.5936;176.3658
320.3578;78.3301;356.3953
234.3189;85.4377;191.3275
325.4346;78.9114;85.0273
224.4025;100.0439;83.1005
80.0799;167.9603;304.8677
48.2067;82.8941;9.8277
48.0353;82.8179;280.1583
227.9328;97.2002;349.9531
103.4743;167.7633;144.9747
102.3612;167.6824;47.6003
145.3878;80.9821;81.6689
221.1051;95.9133;79.2891
220.9826;95.8965;79.2117
132.173;79.3613;264.1003
282.5106;12.3033;29.1478
124.9411;167.6687;256.5684
318.7942;102.0559;2.6587
318.9245;102.0706;272.926
125.0019;167.7082;166.4248
125.1722;167.5627;346.4006
319.0866;101.9047;182.8022
304.9825;12.2338;103.9897
138.7647;77.9847;357.1022
318.6498;101.9539;182.8236
54.2924;85.9726;101.5972
325.2642;101.5737;4.169
125.8;167.7546;70.8839
305.7841;12.3891;19.0361
150.1339;78.7724;354.8164
330.0093;101.2997;184.8964
35.2857;89.9559;102.4236
305.3725;102.3567;179.9688
306.2353;12.2366;358.9258
125.6633;167.696;173.8984
221.2842;91.3013;167.6847
305.3963;12.3619;276.0919
41.3471;88.7644;12.4418
41.3979;88.6719;192.2877
41.3136;88.6904;102.3553
312.0269;102.2829;181.5359
131.8502;77.7209;178.6079
327.196;12.4725;171.6301
147.3202;167.5946;278.8438
48.7608;91.8455;192.1463
48.9973;91.8727;12.3
48.9464;91.7851;102.2412
318.476;102.388;88.0596
318.3706;102.3622;88.016
228.7497;88.1424;347.6701
327.696;12.3619;350.8902
228.9436;88.1172;347.6673
318.4601;102.308;178.0942
228.7736;88.0915;167.6061
48.9343;91.7998;192.3731
48.8974;91.8848;192.2373
228.6827;88.1366;77.812
326.4682;12.439;352.2139
138.4003;77.7082;181.9674
138.4865;77.6611;181.7864
138.0891;77.7253;91.9045
144.7201;77.5799;270.6045
147.1674;167.5088;272.3642
324.5864;102.5501;269.393
144.6703;77.5073;90.529
327.2959;12.397;267.438
234.8582;89.5123;77.6134
144.7124;77.7077;0.48944
144.6835;77.6314;180.6361
326.7822;12.3267;92.9156
148.1086;167.7426;268.1735
239.5813;90.5869;167.4669
149.5549;77.5929;359.4219
210.8777;84.4454;258.7363
31.1669;95.6657;101.2677
124.9311;78.5615;94.7169
327.6176;12.4131;337.708
304.8309;101.7212;355.1525
305.0357;101.6349;265.2816
147.1658;167.5159;21.7526
147.3437;167.6712;15.6376
147.3252;167.7006;285.7998
131.3245;78.1572;3.3232
222.0252;86.7509;168.116
131.4226;78.1721;3.3922
41.8299;93.401;12.1417
221.9832;86.6378;258.0237
311.3025;101.9847;176.5647
221.8009;86.6119;348.0526
131.1116;78.1259;273.2258
41.8826;93.4495;191.8823
327.0116;12.4313;74.8198
41.8475;93.2481;191.9932
326.8712;12.5699;344.5374
311.2877;101.9678;176.4492
311.246;101.8583;176.6755
314.4406;100.2576;262.7996
169.3736;167.6418;214.1825
134.5657;79.6697;97.245
169.1905;167.6167;304.0182
169.9754;167.4148;304.8041
225.6395;82.9736;259.7537
45.747;97.1617;100.4159
134.2275;79.5977;97.1321
169.853;167.515;124.6463
349.1924;12.6185;326.0797
134.5484;79.5018;97.0633
349.8091;12.506;235.2248
134.3741;79.78;277.1944
169.5381;167.3323;304.517
134.4041;79.5186;187.0633
45.7256;96.9401;10.345
134.4745;79.6918;7.0945
314.4341;100.2852;82.8189
45.7761;97.099;10.3379
45.668;97.095;190.3603
349.3332;12.5205;235.6304
139.3677;79.149;186.239
319.3169;100.7718;83.7156
50.4984;95.934;280.8917
169.3207;167.5513;29.383
139.0796;79.1373;186.4004
169.5118;167.5005;299.557
139.3186;79.1665;186.3268
139.3996;79.228;186.1603
230.5297;83.9794;79.0018
50.545;96.2315;280.9199
230.3491;83.9415;259.1162
230.5243;83.8301;79.1448
169.8783;167.3537;119.8953
230.46;84.0041;169.122
139.406;79.082;186.3243
169.3055;167.6128;209.3179
319.477;100.8481;263.7498
50.473;96.1511;101.0262
50.446;96.0943;190.8578
319.1301;100.7976;173.6736
235.3466;84.7314;168.7065
324.2934;101.3494;84.7705
144.1646;78.6781;275.2822
235.2183;84.7661;258.7278
55.4717;95.2043;101.3057
55.1467;95.2825;101.3671
169.1537;167.5442;114.4054
324.4233;101.2213;264.7343
324.4287;101.2722;174.6708
144.2394;78.7288;5.1676
235.4266;84.9407;348.6483
144.2406;78.6216;275.503
235.3519;84.7381;348.5
169.2614;167.5792;114.2345
149.23;78.1273;274.2238
169.421;167.3507;199.9122
149.1909;78.2896;274.3282
168.8626;167.3422;199.3337
329.0559;101.6468;265.5746
348.8412;12.4123;340.7907
350.2039;12.5671;164.3197
64.8459;93.2131;282.1863
349.9793;12.6257;310.4636
211.0641;80.5783;171.7945
119.7456;81.8246;99.7505
216.0302;81.1807;171.0203
349.4542;12.6088;315.7878
36.0479;98.5704;188.992
215.9763;81.4023;80.9438
216.0842;81.3358;171.0622
216.0097;81.3864;80.9966
304.5773;98.9426;171.1283
304.6306;98.9324;351.1359
220.9277;82.275;80.211
169.8333;167.4096;129.5675
129.4889;80.3987;277.9638
129.5227;80.3396;98.0554
129.5134;80.3828;188.0202
169.5585;167.3533;309.3545
220.9205;82.1733;80.2885
169.9155;167.2548;129.6826
40.7617;98.0573;189.6095
348.9381;12.3829;141.3989
169.7478;167.423;129.4062
309.6214;99.635;81.9124
220.8622;82.11;260.1883
169.6164;167.6193;129.4256
169.6763;167.5358;219.4803
309.557;99.7715;352.0406
10.2676;12.6027;304.8593
134.4544;82.9513;280.5609
225.6988;79.6593;262.8726
314.446;97.0217;169.574
11.4442;12.395;33.5973
11.1082;12.4159;124.0813
225.8465;79.6669;262.9876
11.4248;12.4282;213.554
314.5586;96.7293;349.5366
225.7977;79.4537;352.9112
225.7897;79.6519;172.9472
314.3708;96.923;79.4825
314.2505;96.9597;349.5835
191.9887;167.3354;237.0252
191.3155;167.5458;236.1692
134.5661;82.9488;190.5118
12.1185;12.4727;122.8823
314.5136;96.9132;79.4422
191.1965;167.2952;236.0455
190.9096;167.5304;325.8176
45.6566;100.2656;277.0819
191.7074;167.4185;236.5902
191.3833;167.5339;326.2066
45.7555;100.363;186.9795
45.6574;100.5448;187.1047
314.5575;96.9324;169.5901
190.9395;167.3634;230.9893
190.3663;167.4117;320.5248
319.3387;97.6688;260.1325
319.2859;97.6948;350.1632
139.328;82.1812;9.8304
319.2835;97.7619;260.0779
10.8703;12.5178;129.1039
319.196;97.8133;260.0946
139.2199;82.2286;279.9514
11.0045;12.4733;218.8751
11.4295;12.4884;218.4539
230.6642;80.1233;262.0013
11.5458;12.5565;38.418
50.6536;99.7547;7.8132
230.4759;80.0957;82.2764
139.2422;82.0953;9.8818
139.3172;82.3584;99.8621
230.7081;80.0816;262.0294
319.2535;97.9226;260.2052
50.6313;99.8766;187.8618
10.7004;12.5493;39.0285
230.539;80.1773;352.1094
319.0818;97.7435;350.1346
230.526;80.3246;262.2002
11.3198;12.5777;128.6613
11.7546;12.6004;43.0332
235.4609;80.9427;261.5643
324.1482;98.5726;81.0215
55.1925;99.1372;188.5593
235.5399;80.8634;171.2765
11.6502;12.3579;42.9438
191.5154;167.5699;226.6509
55.4774;99.1262;8.8539
191.5363;167.5285;226.6844
144.0465;81.4166;9.1098
324.0302;98.5626;80.8967
144.0935;81.3967;9.1539
235.4908;80.844;351.2363
55.6337;99.0041;278.8261
55.4823;99.0526;8.8615
324.159;98.6029;260.6507
324.0374;98.6879;261.0123
235.2654;81.0973;351.3291
11.4743;12.5425;228.0582
191.1352;167.4882;41.4673
148.9999;80.6479;98.5521
60.1861;98.2766;99.4332
328.8951;99.1668;351.5659
240.3986;81.7435;80.512
329.0267;99.404;261.3567
328.9169;99.2949;351.5963
240.2868;81.7677;260.5832
245.0642;82.579;259.9296
191.1054;167.4168;126.5587
11.6527;12.6065;52.8986
300.1411;94.0533;78.1506
300.0881;94.0388;348.1644
30.8541;102.0233;184.1517
215.7762;78.4351;174.8608
304.9084;95.109;258.613
35.8918;101.428;274.89
11.5685;12.3532;293.758
191.8031;167.3226;156.4061
304.9326;95.2031;348.5654
304.7935;94.9382;348.4982
304.9309;95.0006;258.6571
11.4763;12.4821;23.7051
309.5453;96.3153;258.9578
220.8082;78.9635;173.8405
309.7571;95.8766;349.0091
11.4964;12.5992;118.6135
40.7704;100.8967;6.1723
220.8297;78.9667;173.8156
10.8759;12.5277;299.2911
191.4529;167.5195;61.4427
191.7683;167.4056;61.4433
40.7833;101.0912;5.952
220.9148;79.0978;353.6246
309.7059;96.0414;348.9577
129.7409;83.9221;281.0096
129.7054;83.9973;191.186
40.5732;100.9748;6.1127
309.7733;95.8609;169.0275
191.6322;167.5365;61.4628
191.9104;167.4944;241.7157
11.1965;12.2606;29.0454
134.9213;87.3594;12.3444
212.5361;167.6528;167.5308
314.7011;92.6349;347.5713
45.462;102.4219;272.5669
34.589;12.6687;10.6107
225.2199;77.7304;87.4687
213.0562;167.2924;168.0658
45.3236;102.3026;182.5642
45.5069;102.3398;92.4592
213.183;167.5351;258.0655
134.8661;87.495;102.3094
314.9064;92.4987;167.7332
45.4593;102.3639;182.6522
32.6637;12.5943;192.4244
34.3265;12.5764;280.8
212.9291;167.3778;257.7705
314.756;92.5289;347.7394
225.4053;77.7334;357.4193
213.9033;167.2591;78.6329
33.0557;12.5561;192.0313
134.7273;87.5116;282.2912
45.4326;102.2985;182.6955
33.1253;12.3918;281.8289
34.1641;12.4905;10.9272
212.9717;167.2959;253.1805
50.3771;101.9991;93.7038
230.3433;77.9395;176.4589
49.9628;101.8947;273.503
213.4336;167.5398;73.5238
139.6262;86.4171;101.9777
319.5297;93.4701;78.0759
230.2887;77.876;266.269
319.5816;93.5074;77.8756
230.2947;77.8508;356.2907
319.404;93.5404;77.9361
50.1752;102.0553;183.5239
319.3687;93.7852;347.904
230.2553;78.0029;356.5214
230.2037;77.873;176.2896
33.1298;12.5662;286.8328
230.3755;78.0499;176.3405
213.4584;167.3272;73.5279
33.4749;12.5827;106.4242
139.6583;86.4881;101.9947
319.5828;93.5966;78.0236
34.2629;12.5606;105.747
33.796;12.4872;196.0234
50.3429;101.9873;3.4151
50.3743;102.0029;273.6975
55.2647;101.6392;94.5443
144.3308;85.5702;191.65
55.2327;101.6869;184.6961
324.3977;94.6646;258.3623
213.4187;167.5155;68.6534
33.511;12.5915;21.2544
324.313;94.5962;258.4056
144.2047;85.2164;101.8615
55.3044;101.5838;94.5272
33.6497;12.4828;201.1514
324.4176;94.7481;348.4102
32.978;12.4616;291.7856
213.5436;167.303;248.7896
235.1564;78.218;175.3744
33.6323;12.4542;21.0143
235.4018;78.3911;355.3254
55.4904;101.6207;4.5369
235.2163;78.3626;355.233
213.1325;167.4507;243.3936
329.1478;95.6838;168.738
33.7559;12.5804;25.9717
33.4657;12.4705;116.2371
240.277;79.0968;174.3661
213.3199;167.4001;333.6392
329.2163;95.626;78.725
213.3409;167.3461;243.5762
60.0235;101.1982;95.5504
33.4176;12.7726;296.2073
245.2159;79.2845;263.1973
33.6078;12.6731;121.1002
154.0686;83.6019;10.72
214.2144;167.3639;329.9935
120.6365;90.6238;192.4205
120.477;90.7604;282.4428
120.5552;90.5868;12.5213
125.3525;89.5603;102.5136
305.304;90.2661;257.6305
305.4216;90.3395;347.4063
35.3568;102.3628;180.5469
305.2755;90.463;347.4363
215.3384;77.4936;359.6807
32.855;12.5487;92.5494
213.2907;167.4983;357.9637
215.423;77.5232;179.3941
213.2372;167.4587;172.967
310.0563;91.6426;77.4769
130.0023;88.6329;192.3984
213.4417;167.4714;353.3522
40.3127;102.4432;181.4174
130.0356;88.5486;12.4434
310.0269;91.3677;77.6276
220.5497;77.6117;358.7036
40.1161;102.5249;271.4839
213.6059;167.2826;173.2188
220.4315;77.4211;88.4725
220.2757;77.4953;358.4599
309.9517;91.446;257.4317
130.1291;88.4763;12.4426
130.0694;88.6808;192.3064
220.3911;77.4796;268.4356
130.153;88.5049;192.4869
315.229;87.8447;347.739
44.9319;102.3375;177.8037
315.2734;87.8405;347.6753
224.8211;77.6485;92.2686
224.9651;77.5217;272.3681
234.8622;167.5159;9.8466
315.3293;87.7612;257.8071
224.8288;77.7391;2.0855
54.2887;12.3549;80.8328
55.2436;12.4085;170.0138
315.2354;87.7021;77.6438
44.7949;102.2078;357.734
56.0483;12.3413;168.8227
55.4183;12.3598;169.5261
235.8221;167.4118;100.6854
44.7231;102.2772;357.6711
44.7614;102.1583;87.8192
234.6862;167.582;274.7729
55.5114;12.5806;174.4346
140.149;91.1189;12.4508
140.0596;91.2962;12.321
320.0308;88.8743;167.6234
320.1607;88.7124;257.5452
140.0645;91.0706;192.4927
140.0603;91.1137;192.512
320.025;88.7371;257.5084
49.7764;102.477;358.7132
139.9931;91.2259;12.5144
320.0552;88.7868;347.4148
140.0887;91.1483;102.3484
140.0468;91.2172;102.5104
49.769;102.5222;88.6181
229.7287;77.551;271.106
55.5928;12.6261;354.1479
139.9913;91.2422;102.4198
234.6892;77.488;90.0735
235.1552;167.4845;0.47589
55.354;12.562;269.3296
234.82;77.4667;0.1106
144.8707;90.0895;102.4437
54.7783;102.629;179.8064
324.7646;89.7166;167.4946
54.8353;102.3885;89.8731
144.7715;90.0645;102.5015
234.7955;77.5371;269.9997
144.8566;90.1186;102.3076
235.5513;167.5428;180.8206
324.8145;90.0216;77.3487
56.0211;12.5012;88.8107
239.7277;77.4566;359.0591
329.5495;90.791;257.7042
235.3601;167.4316;85.6695
235.8931;167.6261;266.2047
329.6602;90.9318;347.4416
239.7669;77.4148;359.0127
239.9584;77.5982;179.149
154.4013;88.105;12.4337
244.6985;77.6515;267.7819
56.2645;12.5469;98.2506
300.9415;84.8254;348.6694
209.9478;78.7884;5.2359
214.8654;78.2301;184.2574
55.3123;12.5401;160.0238
125.8283;94.3177;11.7061
305.8627;85.6458;348.1996
125.7584;94.2002;11.8691
55.8018;12.486;249.49
310.6336;86.6565;77.7719
55.6136;12.4857;164.6118
39.7781;102.0799;176.7518
235.546;167.4525;195.1753
310.5459;86.7381;257.8021
39.9393;102.1796;86.684
130.6233;93.3269;101.8908
219.8839;78.1433;183.3257
54.9704;12.6814;255.2452
130.6393;93.2182;102.1297
235.2943;167.7777;285.0107
130.2832;93.1122;192.1211
224.3355;79.465;276.8562
135.5914;96.6515;100.5703
77.1649;12.2283;147.8499
135.5449;96.7173;190.3997
224.4576;79.6129;96.6433
77.3186;12.3117;147.8003
224.4915;79.5976;276.6867
224.2938;79.6572;6.8926
44.4917;100.3596;353.3845
315.5787;83.1605;349.3843
229.4534;79.004;5.8753
140.3586;95.6859;100.9989
140.6627;95.6649;281.1421
320.4157;84.2532;258.9652
257.4478;167.683;207.504
320.3718;84.2614;349.0396
229.3299;78.98;5.7261
257.7288;167.5967;27.8163
77.4829;12.3862;152.2359
49.3905;100.9108;84.2597
234.3315;78.6491;184.8458
78.5348;12.4497;66.2697
145.386;94.9123;191.4304
77.0502;12.4141;157.6876
325.3279;84.9887;78.5237
145.1962;94.5978;191.6039
145.1152;94.7927;11.5535
145.221;94.6309;101.3486
330.3081;86.2864;78.0316
239.1921;78.0701;183.8693
77.6141;12.428;341.9601
257.8069;167.5902;18.1087
334.7612;87.1767;257.9087
64.2242;102.0783;267.1606
257.6677;167.7425;222.189
77.8019;12.3437;227.6438
77.1953;12.3528;138.1962
219.5768;80.2392;7.6252
256.9388;167.5685;126.7469
39.6196;99.921;82.2118
310.8511;82.4875;259.9403
257.5248;167.6983;217.4376
39.444;99.708;352.471
39.601;99.8565;172.3136
93.7851;17.217;136.3636
93.6686;17.2063;316.4738
316.2447;75.2936;171.2397
136.1607;104.5196;8.7124
48.7981;99.7132;255.9656
228.7851;80.4943;14.1595
233.2141;79.1426;193.4206
233.5568;79.1793;193.2158
315.4881;106.75;3.3892
123.7431;162.7597;78.6523
315.0332;106.7938;273.5292
49.257;85.4742;196.3555
229.3075;94.5546;343.6583
49.1628;85.0581;286.4023
53.8944;83.9431;196.1076
145.7457;73.7471;83.7605
219.9017;91.8163;72.9754
123.71;162.8633;353.6479
45.361;91.4162;197.3681
45.3277;91.5527;287.0648
225.2282;88.6615;162.9138
140.1429;162.7057;185.2062
315.0412;107.0572;88.5989
45.1753;91.3441;287.1309
49.7382;90.0527;107.2438
140.2647;162.6205;90.2856
319.9568;107.2965;179.9668
50.003;90.0513;287.1816
319.8307;107.2802;359.7121
139.6646;162.9023;84.8143
234.4979;91.4277;252.9347
144.9794;72.9969;88.5272
139.8565;162.7015;104.4236
124.5848;73.2357;94.5008
309.8564;106.9547;87.1678
220.5834;87.1164;342.9887
220.7151;87.1039;253.0119
139.7904;162.6465;189.5803
139.7618;162.8258;279.3593
314.0632;106.0523;263.6953
335.9683;17.4316;159.1466
46.0288;96.1278;286.2209
314.1478;106.1811;353.509
225.8151;83.8782;343.7121
225.8029;84.0414;343.8502
46.0193;96.1581;16.0713
314.1669;106.0902;173.5725
156.6424;162.6355;291.4994
336.565;17.3792;338.4636
230.6863;85.1639;163.5548
319.2072;106.5237;264.89
319.0461;106.7078;84.997
139.1812;73.6239;275.046
319.1014;106.5674;265.0853
155.7045;162.6706;105.7115
230.6762;85.2669;73.3861
230.7595;85.2018;73.4322
230.5981;85.3027;73.418
155.967;162.7371;196.1419
324.3188;107.0483;266.4467
336.1118;17.4414;78.7143
144.2213;73.0479;93.5846
324.2285;106.9199;266.5441
156.642;162.8136;281.6634
55.2602;93.4577;286.9259
329.2323;107.1489;267.9144
329.3706;107.1674;267.7702
59.8249;91.6622;17.6744
336.1489;17.3406;144.2832
211.6692;80.1038;165.635
155.8142;162.5942;30.473
304.1978;104.9197;350.8223
336.377;17.259;149.0292
216.5166;81.1038;165.1477
309.0682;105.3535;82.328
156.1725;162.5553;295.9883
129.1289;74.4892;187.9073
41.2634;97.4376;195.5458
221.1383;82.5829;344.2309
221.2208;82.5387;254.4267
156.4716;162.7101;296.1178
335.9298;17.2976;244.3143
229.8922;80.6178;345.3166
172.1793;162.6358;213.3519
49.5955;99.6195;14.4481
137.5449;75.5961;99.7646
229.7117;80.3222;255.4614
137.2359;75.6684;279.9206
172.4457;162.7022;123.9555
229.7868;80.5309;345.421
229.8369;80.5451;345.4304
229.9384;80.3135;75.4312
352.3196;17.5505;56.5054
229.9536;80.6784;165.5026
317.2688;104.3901;170.1564
352.4971;17.2729;235.9628
352.1901;17.3006;146.4033
317.1957;104.3909;80.173
351.9687;17.3874;56.8312
49.7688;99.6975;194.7133
137.259;75.6356;189.9968
229.9218;80.464;75.3748
352.3288;17.3885;146.5227
352.2889;17.3291;146.0011
317.5584;104.5753;80.213
352.3415;17.3616;332.3642
235.8411;81.9508;344.6219
55.8767;97.947;105.3861
323.6745;105.2537;171.7974
323.5616;105.4522;261.7282
143.7439;74.7213;98.1265
323.6219;105.529;261.7521
56.015;97.9147;195.4777
323.6112;105.2535;81.7158
235.8022;82.0773;164.3483
352.2823;17.3907;337.2738
148.4654;74.1864;186.9566
148.5795;73.9788;6.835
172.5191;162.725;292.9088
240.3634;83.2801;254.0105
172.5529;162.4526;197.7989
245.3545;84.8753;343.3354
299.0968;100.6237;166.1194
299.0799;100.6865;166.0262
124.0496;78.3715;282.6897
216.4685;77.2739;168.055
303.9786;101.7515;257.1143
352.4534;17.2572;42.8488
36.7595;102.4997;282.1047
216.6926;77.2848;347.7552
310.5365;103.1367;168.6274
352.0797;17.2931;319.3867
352.4164;17.3385;319.0611
171.8828;162.6967;130.26
352.5975;17.3855;229.0132
352.7369;17.3426;228.7281
172.3997;162.6665;310.8631
42.6473;101.2042;103.2245
223.1204;78.6947;76.4598
310.3678;103.2063;258.4491
352.5493;17.3552;48.9436
310.1241;103.2307;348.4688
130.4;76.894;191.4642
310.1489;102.8838;258.39
42.8416;101.161;283.1035
43.0586;101.2984;283.4866
352.7219;17.3818;318.8712
42.9371;101.1992;103.4341
172.2457;162.4289;40.499
222.8301;78.8644;166.8675
226.2985;76.2441;169.3982
226.467;76.1139;259.1469
188.3328;162.5305;53.3207
7.8421;17.4672;37.261
313.903;100.2944;256
8.1266;17.4042;36.9719
133.8343;79.9325;104.1146
313.7041;100.2007;76.0323
8.4437;17.3283;36.4908
226.4114;76.2047;79.432
313.8083;100.3491;255.8964
313.785;100.3997;75.9275
8.2793;17.3262;306.7499
313.6865;100.3649;345.8668
313.7684;100.3014;75.897
226.3951;76.1921;259.3373
46.4091;103.7457;10.5666
188.416;162.735;323.4747
46.325;103.8286;10.4597
313.8418;100.2652;255.5204
231.0817;77.0614;78.2333
188.548;162.4321;318.5157
318.4972;101.5376;256.8743
318.5424;101.4749;347.0426
231.4187;77.1032;348.3737
231.2147;77.2048;78.275
51.2072;102.7874;11.7568
318.7448;101.4283;256.7007
318.5364;101.3272;166.7027
138.6481;78.7534;103.277
318.5888;101.4199;346.7679
188.0405;162.6977;138.1302
188.2426;162.5011;228.2825
231.2201;77.1446;348.2771
188.1465;162.9334;318.1835
138.48;78.4859;103.2431
318.765;101.5577;346.8642
318.5986;101.3463;346.9105
8.0003;17.1796;221.8685
323.4759;102.4798;257.9849
188.1027;162.6002;43.385
188.2857;162.8327;133.5846
56.0102;101.9211;12.7273
236.0634;78.1086;347.3551
56.0202;102.037;192.7772
143.4945;77.5553;102.1601
323.5201;102.3621;257.7727
143.4915;77.4919;192.3014
188.713;162.7002;133.844
143.4927;77.5636;281.9737
7.9704;17.299;46.9192
143.4127;77.4283;12.2828
188.8183;162.4762;129.1789
188.4379;162.5735;128.9063
240.9094;79.197;166.1884
9.1465;17.3666;230.5281
148.2518;76.5258;280.9313
148.1931;76.4336;101.1378
60.9852;100.777;13.736
188.9693;162.6499;34.4969
333.2403;104.3195;350.1735
119.5226;83.5098;106.1972
188.7916;162.6533;338.2224
119.5335;83.2329;16.1182
188.2665;162.7162;242.9817
188.5471;162.6638;153.2379
124.4153;82.244;105.6243
8.2983;17.5954;296.9951
36.3026;105.3545;188.1251
187.8109;162.5738;62.3428
8.0192;17.3176;297.2565
216.5003;74.6674;81.9986
41.5294;104.6049;9.4684
41.4061;104.6944;99.4163
188.831;162.571;58.518
221.2879;75.1437;80.7918
9.1037;17.589;121.1479
8.205;17.3958;31.9928
128.8953;80.9295;284.9352
41.4452;104.7668;9.3177
188.3452;162.7652;58.185
8.6674;17.2745;301.7202
188.8804;162.5385;58.5653
309.0431;99.068;345.0652
8.1527;17.4359;301.9273
129.0121;81.1399;14.8862
24.3517;17.3519;20.8809
204.9251;162.6843;70.0546
134.0763;83.8235;106.2076
204.3853;162.7375;69.2688
314.0575;95.9301;163.6127
204.7308;162.5104;249.7741
134.3246;83.9721;106.1452
24.0773;17.4398;21.0268
24.7327;17.38;20.286
204.7761;162.5257;339.9216
24.604;17.4177;110.3217
314.3473;96.081;343.5449
314.2153;96.0686;253.5988
24.5566;17.356;290.7059
225.9585;73.8043;263.8324
225.9835;73.76;353.7664
314.2649;96.0768;73.8224
314.1408;96.0761;343.6712
24.9804;17.4621;289.9498
25.1892;17.3779;289.7814
231.0165;74.4633;262.4056
318.9379;97.3945;74.2966
204.946;162.6499;335.0739
138.9457;82.5586;285.7492
138.971;82.5735;285.8679
51.0509;105.5627;277.7749
230.8713;74.2769;352.2581
204.0506;162.6981;334.0066
230.936;74.2601;262.1731
24.5355;17.4732;295.4288
204.7254;162.6454;154.7228
24.2269;17.3748;295.9003
203.7592;162.6435;333.8596
231.0079;74.2746;82.4177
204.9909;162.5322;244.8535
204.5987;162.7492;64.772
318.883;97.4191;253.9277
230.8997;74.3588;82.3297
24.4687;17.3761;205.4092
24.6834;17.3506;114.9833
143.5125;81.2579;15.2122
204.3726;162.5101;329.6805
55.8426;104.932;98.8282
204.6535;162.679;329.7933
143.5576;81.1524;285.0593
204.8951;162.74;330.0216
204.2424;162.6736;59.3141
143.7069;81.3219;195.1638
204.7774;162.6302;330.083
24.3819;17.4405;210.4863
236.0372;75.0074;80.9412
24.4103;17.2193;30.3555
55.9717;104.8874;279.0421
56.0804;105.0408;189.0707
23.9686;17.3304;30.8265
328.3261;99.9766;255.6616
328.4318;99.8628;165.6934
240.9613;75.9315;169.7751
24.0351;17.1525;305.6298
24.9853;17.3673;304.7009
148.3113;80.0642;194.2837
148.3885;79.9818;194.2828
245.8028;76.6704;168.5149
65.9495;103.246;11.3544
152.9006;79.3851;13.2373
204.664;162.6528;264.1582
30.8463;107.1361;181.781
124.8679;86.7602;197.1353
215.8041;73.0211;176.5645
204.3165;162.684;169.0541
215.8327;73.0109;176.6339
23.9589;17.4458;11.3396
124.9717;86.903;197.0774
35.8;107.1491;3.2635
309.508;94.6678;73.2619
40.9794;106.7193;94.8913
24.1319;17.4582;105.9735
40.8579;106.659;184.8731
309.6168;94.5666;343.2815
220.9883;73.341;265.1777
40.9148;106.6454;94.6415
203.9177;162.5458;73.8694
309.4495;94.6226;163.1126
204.6131;162.6693;164.3661
309.4851;94.7791;343.2352
204.639;162.7653;74.3996
129.4459;85.2832;16.732
41.021;106.8348;274.8143
220.8205;73.3042;85.3796
221.146;162.6287;265.8855
225.3453;72.7682;88.4735
45.2689;107.3324;181.5017
135.0284;88.7719;287.261
220.0048;162.4214;264.9441
45.1296;107.2164;181.2891
40.5725;17.3705;4.5225
41.0042;17.2115;4.0216
225.3013;72.6371;358.5513
314.7193;91.2537;342.5683
314.7539;91.3329;162.7222
134.7405;88.6414;197.1506
220.6585;162.4908;85.4895
221.1896;162.5998;86.1731
40.5254;17.3381;94.6679
225.3541;72.8753;178.5821
40.8693;17.5463;274.2031
40.3499;17.457;99.4608
50.3474;107.04;182.888
139.5914;87.2815;287.1341
220.5991;162.6873;170.5947
319.6659;92.9461;252.7787
230.1575;72.8252;267.3795
230.5681;72.8287;176.9812
50.3206;107.2682;2.8981
319.4887;92.8388;72.8049
319.4775;92.7969;342.9989
319.4473;92.7788;162.8118
40.6986;17.3333;99.208
50.6116;107.1565;93.0018
220.0552;162.544;80.1404
41.263;17.2761;188.7144
220.7426;162.6584;170.7818
40.602;17.3107;279.4308
319.5529;92.8515;163.0578
220.5674;162.5901;255.773
220.7372;162.6617;256.1038
144.2736;85.6648;106.6941
235.1489;73.042;265.7581
220.9229;162.5986;166.177
40.5598;17.4372;194.2704
221.0923;162.7583;166.2463
324.3796;94.1441;343.102
55.5204;106.8225;94.4693
40.5266;17.2151;194.3652
144.2145;85.7009;106.8166
235.5874;73.0262;175.4791
220.3536;162.6882;75.5059
40.8641;17.2734;18.9214
39.7664;17.5509;19.7827
40.8716;17.2479;198.8033
148.8653;84.2613;16.4551
240.5178;73.823;264.1729
148.8091;84.5625;286.5611
39.8907;17.3078;19.6256
220.4915;162.6498;245.9203
40.9027;17.4838;293.5356
40.6881;17.1984;349.8579
30.02;107.0853;267.1063
125.5199;91.6942;107.4381
35.1482;107.1956;358.4702
215.102;72.6953;181.6715
41.0535;17.5898;84.1994
215.099;72.743;1.5944
220.8738;162.657;5.7151
41.0506;17.206;269.112
220.8289;162.6823;90.6789
130.3594;90.1505;17.3877
130.4004;90.005;17.4466
220.1007;72.6014;90.2477
40.5131;17.4755;89.7103
220.16;72.786;90.0662
310.1546;89.8674;342.6159
220.8478;162.3904;270.7074
40.5864;17.3584;359.5771
40.2969;107.1169;179.6707
315.3597;86.7693;163.0727
315.6353;86.4964;253.0333
44.5393;107.0129;176.2932
315.4483;86.5601;253.1267
224.5761;73.0903;93.5917
315.6045;86.5154;73.0903
56.9245;17.4653;348.0196
236.5791;162.668;281.5321
56.6873;17.2136;348.3507
55.9707;17.3698;169.212
237.0143;162.5818;11.8898
56.6587;17.2346;353.2195
140.2933;91.9659;107.1811
236.873;162.7376;186.9761
236.4951;162.6519;6.6131
140.0819;92.0121;197.2835
56.8106;17.1634;173.0947
56.8278;17.4065;83.142
236.5383;162.6495;96.5712
140.1617;91.9561;197.2469
320.4883;88.0613;342.8893
140.4491;92.0297;17.1718
236.6593;162.5593;276.632
236.5898;162.5161;276.5921
144.9343;90.6128;287.4736
56.5751;17.3173;178.3065
324.8492;89.4466;162.6939
234.7884;72.7885;180.6211
54.7533;107.301;89.2709
144.8196;90.5507;287.4616
144.8866;90.6171;107.2336
144.8509;90.624;17.1212
234.7704;72.67;270.7255
239.6761;72.7235;268.8855
56.6065;17.3118;273.0003
236.259;162.8225;86.6608
149.5938;88.925;17.2246
59.7587;107.4235;270.8347
154.2391;87.6717;107.1193
244.7968;72.7818;357.5511
214.4952;74.1332;96.6758
56.5967;17.3244;68.7382
236.8682;162.7246;291.4228
34.5285;106.0214;173.6952
236.5696;162.7808;196.2002
57.0345;17.2391;253.2216
130.9196;94.7268;106.7836
237.1811;162.5283;17.1111
56.8275;17.3225;343.3265
310.9594;85.1894;73.3164
237.3085;162.6484;287.0243
39.4223;106.6489;174.9157
44.0683;104.6883;261.1315
75.7431;17.0816;329.5519
223.9987;75.2655;98.8687
43.9723;104.8258;261.0474
136.4412;98.6502;104.7573
256.1024;162.8056;31.0299
76.0592;17.2037;148.9743
75.1514;17.0563;60.1092
229.0213;74.4472;277.5888
228.9724;74.6147;97.591
75.8664;17.226;154.3097
255.744;162.7981;205.5605
76.0832;17.0408;64.0476
75.0136;17.1398;155.1374
255.1558;162.969;205.1362
228.8756;74.5909;97.527
255.418;162.8651;205.3934
54.1874;106.0849;173.9315
325.7168;84.0191;253.8339
54.0562;105.922;353.7356
145.7631;95.8953;106.2939
325.9504;83.8506;163.7671
325.8368;83.945;73.9199
145.7057;95.9754;286.3045
238.9681;73.4701;95.0162
59.0269;106.5415;85.4911
58.9192;106.6936;175.3707
76.012;17.17;343.56
155.1515;93.2052;287.0178
335.1509;86.8535;163.1128
76.2685;17.0581;228.9984
306.8013;78.6812;167.0302
75.9939;17.26;49.5148
39.1768;103.9452;349.6981
39.0858;103.8469;349.7392
39.0491;103.681;79.6387
311.7382;80.1335;255.9876
219.0875;76.1813;10.266
131.5968;99.6069;104.3445
315.7181;22.0916;89.4346
135.1915;67.9415;0.27114
137.826;68.3345;3.9154
328.4468;22.2005;260.3936
317.9606;111.676;86.0331
148.5876;157.8221;279.9621
137.433;68.1529;4.0648
144.3284;67.7249;1.5112
148.6162;157.9254;273.8892
217.0796;81.5669;249.5842
328.6154;22.2208;66.8703
328.6047;21.9232;162.9845
222.8332;83.821;68.7957
130.0586;68.9967;277.0551
43.1941;96.243;111.3077
341.2629;22.3049;63.8112
46.8456;99.5148;20.0551
313.4705;109.8917;259.7813
133.2799;70.2635;280.0774
313.0646;109.5796;169.6696
313.4001;109.6622;349.8024
341.5521;22.0795;68.4559
341.0517;22.2205;338.8894
160.8951;157.8112;201.0164
231.3769;82.0649;249.2813
138.3154;69.4209;278.6057
235.9604;83.9646;248.671
55.9883;96.1658;291.2034
341.5135;22.2124;343.142
328.6416;111.7682;355.4053
160.5121;157.9608;191.0048
161.4805;157.833;126.0801
217.3544;77.3463;71.7175
42.0309;101.3024;19.1581
128.1764;71.0257;281.9599
161.5897;157.934;31.2908
128.2034;71.1244;191.9469
132.626;72.937;284.346
173.9916;157.8275;219.0496
47.4985;103.802;107.6718
227.1701;76.2501;162.6621
354.1304;22.2705;321.037
47.14;103.7435;197.6964
312.8254;107.121;255.6645
354.2037;22.22;140.8047
174.4582;157.9807;309.3994
317.7611;108.1842;77.0165
317.8639;108.1801;257.0812
51.8878;102.3542;198.4812
51.9788;102.2539;288.7321
231.9856;77.9406;341.4616
317.7068;108.3257;77.0689
137.8998;71.5278;102.8223
231.6669;77.9393;161.4209
353.4881;22.1073;331.3669
322.7596;109.2158;168.6485
236.6996;79.513;70.2653
174.2553;157.6145;119.4764
56.6973;100.6843;109.7471
328.0811;110.0663;260.4271
353.9458;22.1087;335.8116
217.5454;73.4761;344.9804
354.0286;22.1357;131.3261
37.5602;106.3751;105.1313
123.3194;75.431;16.942
308.0051;105.7769;344.1339
308.0809;105.6662;344.2625
128.0818;74.1037;285.7096
307.9638;105.8372;344.3177
222.3612;74.9078;343.5668
308.0899;105.8851;254.4165
132.9498;76.3874;17.7672
312.9629;103.4901;162.3198
6.7248;22.2518;308.4487
227.1143;72.5994;75.8354
186.5061;157.6206;141.3165
227.1892;72.8353;165.6957
47.3313;107.2765;104.2957
227.2815;72.8252;255.9413
132.9301;76.4537;17.6555
186.3842;157.7564;51.3118
186.6572;157.8099;231.7342
185.9631;157.778;316.1876
137.695;74.9791;16.6347
232.203;73.9827;254.2002
52.0196;105.8942;285.593
232.2962;73.9675;344.3189
317.7374;105.1201;163.5419
231.9912;74.0627;164.3575
187.1674;157.7699;227.2736
6.8211;22.2111;313.234
137.584;74.9026;286.5853
236.9987;75.2932;162.9841
6.2848;22.1889;48.4453
6.5138;22.2779;228.3085
56.8723;104.5412;16.9003
322.7887;106.4326;344.9338
56.884;104.3728;106.8926
185.8737;157.7414;41.3212
186.8627;157.6324;127.3313
147.5162;72.3648;103.723
147.6332;72.378;193.865
187.253;157.5868;151.7964
186.6321;157.707;331.0131
6.8355;22.0963;298.4975
217.0394;70.4206;169.032
42.3592;108.2498;102.7284
186.9347;157.976;236.6043
222.3669;71.6145;77.319
186.8403;157.6801;236.6687
308.1634;101.9596;251.196
186.8401;157.7845;146.6636
222.4376;71.6889;257.293
222.2102;71.7032;347.2817
19.2885;22.1074;295.8301
46.833;109.9527;9.9609
133.2978;80.6792;110.1966
313.2006;99.5068;159.7648
46.9619;109.8536;10.0396
133.3774;80.4887;110.35
313.3483;99.4489;249.7712
199.3319;157.7633;154.3466
313.4836;99.468;69.7095
313.3712;99.4398;249.6581
199.301;157.889;154.1365
318.0615;101.0922;70.6372
317.8578;100.9856;160.6401
232.01;71.1768;78.2447
52.025;108.9791;101.781
199.1887;157.7524;329.2434
231.9305;71.1036;78.2204
51.7913;108.9139;11.5958
199.413;157.5907;149.5013
19.7604;22.2129;210.201
137.9222;78.9549;19.2081
51.9109;108.8001;11.9079
137.9851;78.6393;199.3931
236.9942;71.9983;166.7024
199.1562;157.7109;234.4807
56.842;107.8935;103.2708
18.9725;22.3302;215.617
322.585;102.7524;71.6507
199.3927;157.8051;144.5661
236.685;72.0587;346.7803
142.6393;77.3608;18.4914
19.0009;22.2553;40.6893
19.1295;22.052;130.4512
19.4555;22.2582;310.3288
199.6045;157.7356;230.1028
124.3007;83.9513;201.166
304.1352;95.9735;338.4234
36.5075;111.441;96.3994
304.1068;96.0585;68.5447
19.5423;22.2513;200.8101
19.3457;22.2105;200.777
221.6679;69.2748;81.7602
308.6406;97.7141;69.0679
19.491;22.2224;20.9719
41.7048;110.6622;188.1962
19.0939;22.0488;201.097
199.5524;157.8174;339.3735
314.0674;94.9938;248.0634
226.0235;68.291;84.5906
225.8652;68.4622;264.8025
226.1073;68.3542;264.623
46.0823;111.6762;95.2553
46.1683;111.575;95.3276
134.2476;85.1871;201.6489
46.0339;111.5277;185.2734
226.0588;68.6246;354.7489
314.1754;94.9055;248.372
318.6545;96.6155;338.8149
51.3875;110.9475;277.4013
32.0774;22.3352;17.7226
231.0732;68.9323;172.8861
231.2188;68.8891;172.7668
31.8991;22.2243;198.0769
51.1667;111.0461;187.21
138.731;83.3437;201.2483
212.2554;157.7554;252.1268
211.9311;157.743;161.8097
212.3403;157.6465;162.5303
31.8943;22.2123;292.9151
236.3686;69.6006;170.9645
236.4777;69.5946;350.9691
143.3718;81.6371;20.5311
56.3952;110.2349;188.7709
323.2042;98.3408;159.4521
56.5406;110.3263;188.9616
56.3835;110.4419;99.0301
241.4535;70.3536;79.1737
327.6835;100.3293;340.2816
327.9283;100.2536;340.1117
241.5382;70.5318;259.1437
124.9931;88.7384;22.3081
212.0272;157.5706;86.7214
211.8432;157.7349;356.7117
125.1951;88.8564;21.9605
32.1485;22.4155;187.8152
129.5537;87.046;111.9827
129.4726;86.9989;22.1451
129.8472;87.1158;111.996
40.9759;112.0161;273.2669
309.8215;93.049;67.9379
309.5127;92.9282;248.1365
224.9814;157.7728;269.906
45.3552;112.1235;0.38195
45.0748;22.1135;90.1132
224.6827;157.8339;269.7433
134.9113;89.886;292.2028
224.6862;157.6772;359.8193
224.6221;158.0098;359.5039
224.807;157.779;179.7776
224.7926;157.9627;264.9216
139.5305;88.0914;202.2164
319.6519;92.0221;67.9612
224.6003;157.7477;84.8299
50.3156;112.0912;272.1747
225.2127;157.8982;355.0904
44.7589;22.1977;95.1037
319.4403;92.0328;157.8311
55.8096;111.847;274.409
235.6573;68.3154;85.8893
44.448;22.0291;190.1778
235.4933;68.1875;265.9781
44.7216;22.196;100.0385
55.4699;111.6089;184.0227
224.5259;157.7579;344.8188
148.6555;84.3266;201.4738
44.2679;21.9684;195.3014
240.7324;68.4118;353.7196
125.958;93.4882;291.83
44.7672;22.0424;80.5749
306.1628;86.4827;338.2327
310.7022;88.3851;337.8632
219.7154;67.8605;181.6804
224.795;157.6896;4.6204
310.6315;88.3967;157.7938
39.8222;111.8659;178.0121
135.959;94.5952;111.5917
57.239;22.0131;167.8335
44.036;111.6719;265.0536
224.1632;68.4877;274.9848
224.1909;68.4425;5.0197
237.1032;157.7635;7.2239
229.2127;67.9553;92.9766
49.3686;111.9277;87.0032
57.1103;22.1223;82.8841
237.7054;157.683;97.6573
320.48;87.3623;248.0038
237.1979;157.7251;2.447
57.1531;22.2105;87.7717
237.1151;157.8818;272.3218
234.5532;67.9039;271.1858
329.4408;91.0205;67.6769
239.8511;67.8228;268.9554
306.599;81.8405;69.3665
57.3417;22.1178;67.9357
131.3124;96.5464;21.4264
311.6197;83.5674;158.7786
57.3462;22.3121;162.7341
223.1951;70.1071;279.8066
223.4326;70.0945;9.702
136.5515;99.0247;110.2448
69.7583;22.1952;250.1406
250.3573;157.8736;20.3456
228.5005;69.3037;277.8474
325.8573;84.3197;248.5205
53.7292;111.2848;353.8717
70.7736;22.3119;74.5056
250.3301;157.8732;209.9124
70.7307;21.8885;149.3223
42.8631;107.1047;76.046
43.0791;107.2184;255.9626
227.9823;71.6435;282.3628
48.0951;108.2971;77.7438
227.606;78.3508;65.3356
161.1719;152.9086;116.0272
52.0729;99.4631;295.3908
231.9805;80.4524;64.5402
228.2748;74.0548;67.8072
131.8723;68.7086;17.1865
131.7546;68.5977;197.167
232.8211;75.8649;156.5761
232.6106;76.0693;246.7331
232.8157;76.022;66.7145
352.0026;26.8961;332.7788
172.1488;152.9175;207.3842
127.0544;70.2995;18.746
172.2267;153.1409;312.0733
48.1223;109.8576;108.7775
2.986;27.1813;222.1351
131.8159;72.2429;110.8747
228.4971;70.3991;250.982
316.5136;109.3099;340.8936
233.2156;72.0478;159.541
233.2457;71.8775;249.5839
182.676;152.8632;132.9241
237.8468;73.6366;248.0539
321.7038;111.0448;252.6897
182.7758;153.1063;127.9952
3.447;27.0374;31.9476
218.493;67.4714;74.5654
127.0253;74.071;112.2697
306.9286;106.0658;157.7941
127.3583;74.3567;292.2339
193.9787;152.9771;58.9111
228.0624;67.1044;75.1158
47.9706;112.9235;104.8156
48.2366;112.9207;105.0445
193.934;153.0225;328.7048
316.8847;105.6201;157.6378
13.7182;26.8589;36.257
316.7792;105.5344;157.5001
316.9495;105.761;157.6482
141.1988;72.55;111.1838
13.5459;27.0458;131.077
193.6811;152.8873;318.9735
326.2257;109.3616;250.4653
326.3112;109.1918;70.4091
217.7084;64.832;79.3709
37.7229;115.2018;190.5515
307.7108;101.7063;155.3572
127.6672;78.1844;294.6384
43.1226;114.1759;192.6651
204.4202;152.8919;249.2682
47.3192;115.1419;190.0792
313.0107;99.1849;334.5427
312.8648;99.1305;334.3465
132.9382;80.8644;115.6748
204.7129;152.9587;154.7263
204.1175;152.9784;154.0891
52.5615;114.2596;102.205
232.6078;65.7116;167.6109
52.5676;114.4531;12.6311
204.187;152.8285;329.3502
237.7895;66.8001;165.4395
237.782;67.2163;345.5556
204.5844;152.6497;54.9079
326.4524;105.2859;157.4125
124.2804;85.0669;296.6731
216.6834;63.4738;84.6872
308.524;97.0457;153.7909
308.4784;96.9427;63.715
128.8582;83.0786;206.4107
133.9624;85.6153;26.8171
133.8099;85.5939;206.563
214.9371;152.9995;169.8491
313.9586;94.4575;243.3433
138.2915;83.3562;296.2457
215.2948;153.0634;75.3488
231.6976;64.0519;82.5287
231.6224;63.9281;172.6029
236.8535;64.6286;260.2754
215.311;152.8626;160.5631
142.4331;81.3244;26.0524
214.7856;153.0097;155.1477
34.8571;27.1814;204.7528
40.7926;116.9134;272.4553
215.1217;152.9405;84.958
309.672;92.0975;63.0361
44.9485;117.0903;359.5519
315.1414;89.5862;242.9418
135.3247;90.6104;26.6867
139.395;88.1808;117.0469
46.0599;27.0077;3.9979
319.7349;91.4492;333.1907
45.8985;27.0831;8.8563
55.8951;116.71;274.5034
219.6893;63.0297;92.8561
311.0407;87.3159;152.9568
57.2123;27.0316;258.0116
43.5802;116.3294;84.0479
56.6905;26.78;173.3041
236.3862;152.8857;186.5737
56.9999;27.0346;267.7917
234.5708;62.9521;180.9647
